shipment_id,contract_ref,sales_order,delivery_mode,stage_gate,lct_status,sap_status,k2_flag,k2_chit_flag,customs_release_flag,customs_official_receipt_flag,certificate_of_origin_flag,bill_of_lading_flag,shipment_tender_flag,loi_flag,commercial_invoice_flag,ocr_confidence_pct,k2_flag_bool,k2_chit_flag_bool,customs_release_flag_bool,customs_official_receipt_flag_bool,certificate_of_origin_flag_bool,bill_of_lading_flag_bool,shipment_tender_flag_bool,loi_flag_bool
SHP-700000,CTR-2025000,SO-500000,Sea,SG6,In Progress,Open,Y,Y,Y,Y,N,Y,N,N,Y,84.2,True,True,True,True,False,True,False,False
SHP-700001,CTR-2025001,SO-500001,Sea,SG8,In Progress,Cancelled,Y,Y,Y,Y,Y,N,Y,N,Y,76.1,True,True,True,True,True,False,True,False
SHP-700002,CTR-2025002,SO-500002,Sea,SG10,Complete,Open,Y,Y,Y,Y,Y,Y,N,Y,Y,92.4,True,True,True,True,True,True,False,True
SHP-700003,CTR-2025003,SO-500003,Sea,SG8,In Progress,Cancelled,N,Y,Y,N,Y,Y,Y,N,Y,81.7,False,True,True,False,True,True,True,False
SHP-700004,CTR-2025004,SO-500004,Sea,SG6,In Progress,Open,N,Y,Y,Y,Y,Y,Y,N,Y,85.9,False,True,True,True,True,True,True,False
SHP-700005,CTR-2025005,SO-500005,Sea,SG10,Complete,Open,Y,Y,Y,Y,Y,Y,Y,Y,Y,94.1,True,True,True,True,True,True,True,True
SHP-700006,CTR-2025006,SO-500006,Sea,SG10,Complete,Open,Y,Y,Y,Y,Y,Y,N,N,Y,82.9,True,True,True,True,True,True,False,False
SHP-700007,CTR-2025007,SO-500007,Sea,SG8,In Progress,Delivered,N,Y,Y,Y,Y,N,Y,Y,Y,95.3,False,True,True,True,True,False,True,True
SHP-700008,CTR-2025008,SO-500008,Sea,SG8,In Progress,Delivered,Y,Y,Y,N,Y,N,Y,N,Y,76.0,True,True,True,False,True,False,True,False
SHP-700009,CTR-2025009,SO-500009,Sea,SG6,In Progress,Delivered,Y,N,N,Y,N,Y,Y,N,Y,83.7,True,False,False,True,False,True,True,False
SHP-700010,CTR-2025010,SO-500010,Land,SG9,In Progress,Delivered,Y,Y,Y,N,N/A,Y,Y,Y,Y,88.7,True,True,True,False,False,True,True,True
SHP-700011,CTR-2025011,SO-500011,Sea,SG9,In Progress,Cancelled,Y,N,Y,Y,N,Y,Y,N,Y,73.6,True,False,True,True,False,True,True,False
SHP-700012,CTR-2025012,SO-500012,Sea,SG4,In Progress,Delivered,Y,Y,N,N,N,Y,Y,N,Y,90.7,True,True,False,False,False,True,True,False
SHP-700013,CTR-2025013,SO-500013,Sea,SG8,In Progress,Delivered,N,Y,Y,Y,Y,Y,Y,N,Y,86.2,False,True,True,True,True,True,True,False
SHP-700014,CTR-2025014,SO-500014,Sea,SG9,In Progress,Delivered,Y,N,Y,N,Y,Y,Y,N,Y,94.3,True,False,True,False,True,True,True,False
SHP-700015,CTR-2025015,SO-500015,Sea,SG9,In Progress,Open,Y,Y,Y,Y,N,Y,Y,N,Y,92.5,True,True,True,True,False,True,True,False
SHP-700016,CTR-2025016,SO-500016,Sea,SG3,In Progress,Delivered,N,Y,N,Y,N,Y,Y,Y,Y,97.9,False,True,False,True,False,True,True,True
SHP-700017,CTR-2025017,SO-500017,Sea,SG9,In Progress,Open,Y,N,Y,Y,Y,Y,Y,N,Y,76.1,True,False,True,True,True,True,True,False
SHP-700018,CTR-2025018,SO-500018,Sea,SG10,Complete,Delivered,Y,Y,Y,Y,Y,Y,Y,N,Y,96.1,True,True,True,True,True,True,True,False
SHP-700019,CTR-2025019,SO-500019,Sea,SG10,Complete,Delivered,Y,Y,Y,Y,Y,Y,Y,N,Y,73.0,True,True,True,True,True,True,True,False
SHP-700020,CTR-2025020,SO-500020,Sea,SG6,In Progress,Delivered,Y,Y,Y,Y,Y,N,Y,Y,Y,73.8,True,True,True,True,True,False,True,True
SHP-700021,CTR-2025021,SO-500021,Sea,SG8,In Progress,Cancelled,Y,N,Y,Y,Y,Y,N,N,Y,91.3,True,False,True,True,True,True,False,False
SHP-700022,CTR-2025022,SO-500022,Sea,SG3,In Progress,Open,N,N,Y,Y,N,Y,Y,N,Y,81.4,False,False,True,True,False,True,True,False
SHP-700023,CTR-2025023,SO-500023,Sea,SG6,In Progress,Cancelled,Y,Y,Y,N,N,N,Y,Y,Y,79.2,True,True,True,False,False,False,True,True
SHP-700024,CTR-2025024,SO-500024,Sea,SG7,In Progress,Delivered,N,N,Y,Y,Y,Y,Y,Y,Y,77.6,False,False,True,True,True,True,True,True
SHP-700025,CTR-2025025,SO-500025,Sea,SG7,In Progress,Cancelled,N,Y,Y,Y,Y,Y,Y,N,Y,93.6,False,True,True,True,True,True,True,False
SHP-700026,CTR-2025026,SO-500026,Sea,SG10,Complete,Delivered,Y,Y,Y,Y,Y,Y,Y,Y,Y,75.5,True,True,True,True,True,True,True,True
SHP-700027,CTR-2025027,SO-500027,Sea,SG8,In Progress,Cancelled,Y,Y,Y,Y,N,Y,Y,N,Y,97.5,True,True,True,True,False,True,True,False
SHP-700028,CTR-2025028,SO-500028,Sea,SG6,In Progress,Open,Y,N,Y,Y,N,N,Y,N,Y,95.3,True,False,True,True,False,False,True,False
SHP-700029,CTR-2025029,SO-500029,Sea,SG8,In Progress,Delivered,Y,Y,Y,Y,N,Y,Y,Y,Y,93.0,True,True,True,True,False,True,True,True
SHP-700030,CTR-2025030,SO-500030,Sea,SG6,In Progress,Delivered,Y,N,Y,Y,Y,Y,Y,N,Y,75.6,True,False,True,True,True,True,True,False
SHP-700031,CTR-2025031,SO-500031,Sea,SG8,In Progress,Delivered,Y,Y,Y,Y,N,Y,Y,Y,Y,87.9,True,True,True,True,False,True,True,True
SHP-700032,CTR-2025032,SO-500032,Sea,SG10,Complete,Delivered,Y,Y,Y,Y,Y,Y,Y,Y,Y,76.3,True,True,True,True,True,True,True,True
SHP-700033,CTR-2025033,SO-500033,Sea,SG4,In Progress,Delivered,Y,N,Y,Y,N,N,Y,N,Y,93.6,True,False,True,True,False,False,True,False
SHP-700034,CTR-2025034,SO-500034,Sea,SG8,In Progress,Delivered,Y,Y,Y,N,Y,Y,Y,N,Y,87.0,True,True,True,False,True,True,True,False
SHP-700035,CTR-2025035,SO-500035,Sea,SG6,In Progress,Open,N,Y,Y,Y,N,Y,Y,Y,Y,80.8,False,True,True,True,False,True,True,True
SHP-700036,CTR-2025036,SO-500036,Sea,SG9,In Progress,Delivered,N,Y,Y,Y,Y,Y,Y,N,Y,95.9,False,True,True,True,True,True,True,False
SHP-700037,CTR-2025037,SO-500037,Sea,SG8,In Progress,Delivered,Y,Y,Y,N,Y,Y,Y,Y,Y,93.4,True,True,True,False,True,True,True,True
SHP-700038,CTR-2025038,SO-500038,Sea,SG6,In Progress,Delivered,N,Y,Y,N,Y,Y,Y,N,Y,87.1,False,True,True,False,True,True,True,False
SHP-700039,CTR-2025039,SO-500039,Sea,SG10,Complete,Delivered,Y,Y,Y,Y,Y,Y,N,N,Y,73.6,True,True,True,True,True,True,False,False
SHP-700040,CTR-2025040,SO-500040,Sea,SG10,Complete,Cancelled,Y,Y,Y,Y,Y,Y,Y,N,Y,80.9,True,True,True,True,True,True,True,False
SHP-700041,CTR-2025041,SO-500041,Sea,SG7,In Progress,Delivered,Y,N,Y,Y,N,Y,Y,Y,Y,89.3,True,False,True,True,False,True,True,True
SHP-700042,CTR-2025042,SO-500042,Sea,SG9,In Progress,Open,Y,Y,N,Y,Y,Y,Y,Y,Y,87.4,True,True,False,True,True,True,True,True
SHP-700043,CTR-2025043,SO-500043,Sea,SG8,In Progress,Delivered,Y,N,Y,N,Y,Y,Y,N,Y,79.4,True,False,True,False,True,True,True,False
SHP-700044,CTR-2025044,SO-500044,Sea,SG8,In Progress,Delivered,Y,Y,Y,Y,Y,N,Y,Y,Y,77.0,True,True,True,True,True,False,True,True
SHP-700045,CTR-2025045,SO-500045,Sea,SG7,In Progress,Delivered,Y,Y,N,N,Y,Y,Y,Y,Y,83.8,True,True,False,False,True,True,True,True
SHP-700046,CTR-2025046,SO-500046,Sea,SG8,In Progress,Delivered,Y,Y,Y,N,N,Y,Y,Y,Y,97.8,True,True,True,False,False,True,True,True
SHP-700047,CTR-2025047,SO-500047,Sea,SG7,In Progress,Cancelled,N,N,Y,Y,Y,Y,Y,Y,Y,79.3,False,False,True,True,True,True,True,True
SHP-700048,CTR-2025048,SO-500048,Sea,SG7,In Progress,Delivered,Y,Y,N,Y,Y,Y,N,N,Y,96.5,True,True,False,True,True,True,False,False
SHP-700049,CTR-2025049,SO-500049,Sea,SG9,In Progress,Delivered,N,Y,Y,Y,Y,N,Y,N,Y,98.0,False,True,True,True,True,False,True,False
SHP-700050,CTR-2025050,SO-500050,Sea,SG7,In Progress,Delivered,Y,Y,Y,Y,N,Y,Y,Y,Y,78.9,True,True,True,True,False,True,True,True
SHP-700051,CTR-2025051,SO-500051,Sea,SG7,In Progress,Cancelled,Y,N,Y,Y,Y,Y,Y,Y,Y,75.1,True,False,True,True,True,True,True,True
SHP-700052,CTR-2025052,SO-500052,Sea,SG4,In Progress,Delivered,N,Y,Y,Y,N,N,Y,N,Y,95.2,False,True,True,True,False,False,True,False
SHP-700053,CTR-2025053,SO-500053,Sea,SG8,In Progress,Cancelled,Y,N,Y,N,Y,Y,Y,N,Y,76.5,True,False,True,False,True,True,True,False
SHP-700054,CTR-2025054,SO-500054,Sea,SG7,In Progress,Cancelled,Y,Y,Y,Y,Y,N,Y,Y,Y,73.7,True,True,True,True,True,False,True,True
SHP-700055,CTR-2025055,SO-500055,Sea,SG7,In Progress,Delivered,Y,Y,N,Y,Y,Y,Y,N,Y,76.4,True,True,False,True,True,True,True,False
SHP-700056,CTR-2025056,SO-500056,Land,SG10,Complete,Delivered,Y,Y,Y,Y,N/A,Y,Y,Y,Y,95.5,True,True,True,True,False,True,True,True
SHP-700057,CTR-2025057,SO-500057,Sea,SG7,In Progress,Cancelled,Y,Y,Y,N,Y,Y,Y,N,Y,96.5,True,True,True,False,True,True,True,False
SHP-700058,CTR-2025058,SO-500058,Sea,SG7,In Progress,Open,Y,Y,Y,Y,N,Y,Y,N,Y,98.0,True,True,True,True,False,True,True,False
SHP-700059,CTR-2025059,SO-500059,Sea,SG10,Complete,Open,Y,Y,Y,Y,Y,Y,Y,Y,Y,82.7,True,True,True,True,True,True,True,True
SHP-700060,CTR-2025060,SO-500060,Sea,SG8,In Progress,Delivered,Y,Y,Y,Y,N,Y,Y,N,Y,96.5,True,True,True,True,False,True,True,False
SHP-700061,CTR-2025061,SO-500061,Sea,SG7,In Progress,Cancelled,Y,Y,Y,N,N,Y,Y,Y,Y,76.1,True,True,True,False,False,True,True,True
SHP-700062,CTR-2025062,SO-500062,Sea,SG6,In Progress,Open,Y,Y,Y,Y,N,Y,Y,N,Y,83.3,True,True,True,True,False,True,True,False
SHP-700063,CTR-2025063,SO-500063,Sea,SG10,Complete,Cancelled,Y,Y,Y,Y,Y,Y,Y,N,Y,72.3,True,True,True,True,True,True,True,False
SHP-700064,CTR-2025064,SO-500064,Land,SG10,Complete,Cancelled,Y,Y,Y,Y,N/A,Y,Y,N,Y,77.1,True,True,True,True,False,True,True,False
SHP-700065,CTR-2025065,SO-500065,Sea,SG10,Complete,Delivered,Y,Y,Y,Y,Y,Y,Y,N,Y,84.4,True,True,True,True,True,True,True,False
SHP-700066,CTR-2025066,SO-500066,Sea,SG6,In Progress,Delivered,Y,Y,Y,N,Y,Y,Y,Y,Y,74.7,True,True,True,False,True,True,True,True
SHP-700067,CTR-2025067,SO-500067,Sea,SG6,In Progress,Cancelled,Y,N,Y,Y,Y,N,Y,Y,Y,81.5,True,False,True,True,True,False,True,True
SHP-700068,CTR-2025068,SO-500068,Sea,SG9,In Progress,Open,Y,Y,Y,N,Y,Y,Y,Y,Y,90.5,True,True,True,False,True,True,True,True
SHP-700069,CTR-2025069,SO-500069,Sea,SG6,In Progress,Delivered,N,N,Y,Y,Y,Y,Y,N,Y,90.7,False,False,True,True,True,True,True,False
SHP-700070,CTR-2025070,SO-500070,Sea,SG6,In Progress,Cancelled,Y,Y,N,Y,N,Y,Y,Y,Y,95.5,True,True,False,True,False,True,True,True
SHP-700071,CTR-2025071,SO-500071,Sea,SG10,Complete,Delivered,Y,Y,Y,Y,Y,Y,Y,Y,Y,75.0,True,True,True,True,True,True,True,True
SHP-700072,CTR-2025072,SO-500072,Sea,SG10,Complete,Cancelled,Y,Y,Y,Y,Y,Y,Y,Y,Y,83.4,True,True,True,True,True,True,True,True
SHP-700073,CTR-2025073,SO-500073,Sea,SG9,In Progress,Delivered,N,Y,Y,Y,Y,Y,Y,N,Y,92.4,False,True,True,True,True,True,True,False
SHP-700074,CTR-2025074,SO-500074,Sea,SG8,In Progress,Delivered,Y,N,Y,Y,Y,Y,Y,Y,Y,95.6,True,False,True,True,True,True,True,True
SHP-700075,CTR-2025075,SO-500075,Sea,SG5,In Progress,Delivered,N,Y,N,Y,Y,N,Y,N,Y,80.1,False,True,False,True,True,False,True,False
SHP-700076,CTR-2025076,SO-500076,Sea,SG9,In Progress,Delivered,Y,Y,Y,N,Y,Y,Y,Y,Y,90.0,True,True,True,False,True,True,True,True
SHP-700077,CTR-2025077,SO-500077,Sea,SG8,In Progress,Delivered,Y,Y,N,Y,N,Y,N,Y,Y,87.7,True,True,False,True,False,True,False,True
SHP-700078,CTR-2025078,SO-500078,Sea,SG9,In Progress,Open,Y,Y,N,Y,Y,Y,Y,N,Y,74.5,True,True,False,True,True,True,True,False
SHP-700079,CTR-2025079,SO-500079,Sea,SG10,Complete,Delivered,Y,Y,Y,Y,Y,Y,Y,N,Y,80.6,True,True,True,True,True,True,True,False
SHP-700080,CTR-2025080,SO-500080,Sea,SG10,Complete,Delivered,Y,Y,Y,Y,Y,Y,Y,Y,Y,88.0,True,True,True,True,True,True,True,True
SHP-700081,CTR-2025081,SO-500081,Sea,SG7,In Progress,Delivered,Y,Y,N,Y,Y,Y,Y,N,Y,97.7,True,True,False,True,True,True,True,False
SHP-700082,CTR-2025082,SO-500082,Sea,SG8,In Progress,Delivered,Y,Y,Y,N,Y,Y,Y,N,Y,84.8,True,True,True,False,True,True,True,False
SHP-700083,CTR-2025083,SO-500083,Sea,SG6,In Progress,Delivered,N,N,Y,Y,N,Y,Y,N,Y,88.5,False,False,True,True,False,True,True,False
SHP-700084,CTR-2025084,SO-500084,Sea,SG4,In Progress,Delivered,Y,N,N,N,Y,Y,N,N,Y,74.9,True,False,False,False,True,True,False,False
SHP-700085,CTR-2025085,SO-500085,Sea,SG10,Complete,Delivered,Y,Y,Y,Y,Y,Y,Y,Y,Y,74.4,True,True,True,True,True,True,True,True
SHP-700086,CTR-2025086,SO-500086,Sea,SG7,In Progress,Open,Y,N,Y,Y,Y,N,Y,N,Y,98.8,True,False,True,True,True,False,True,False
SHP-700087,CTR-2025087,SO-500087,Sea,SG6,In Progress,Delivered,N,Y,Y,Y,Y,Y,Y,Y,Y,88.4,False,True,True,True,True,True,True,True
SHP-700088,CTR-2025088,SO-500088,Sea,SG9,In Progress,Delivered,Y,Y,Y,N,Y,Y,N,Y,Y,79.0,True,True,True,False,True,True,False,True
SHP-700089,CTR-2025089,SO-500089,Sea,SG9,In Progress,Cancelled,N,Y,N,Y,Y,Y,Y,N,Y,75.3,False,True,False,True,True,True,True,False
SHP-700090,CTR-2025090,SO-500090,Sea,SG6,In Progress,Delivered,Y,Y,N,Y,N,Y,Y,Y,Y,90.3,True,True,False,True,False,True,True,True
SHP-700091,CTR-2025091,SO-500091,Sea,SG8,In Progress,Delivered,Y,Y,Y,Y,N,Y,Y,Y,Y,91.5,True,True,True,True,False,True,True,True
SHP-700092,CTR-2025092,SO-500092,Land,SG6,In Progress,Delivered,N,Y,N,Y,N/A,N,N,N,Y,83.4,False,True,False,True,False,False,False,False
SHP-700093,CTR-2025093,SO-500093,Sea,SG7,In Progress,Cancelled,Y,Y,N,N,Y,Y,Y,N,Y,91.7,True,True,False,False,True,True,True,False
SHP-700094,CTR-2025094,SO-500094,Sea,SG10,Complete,Delivered,Y,Y,Y,Y,Y,Y,Y,N,Y,93.3,True,True,True,True,True,True,True,False
SHP-700095,CTR-2025095,SO-500095,Sea,SG10,Complete,Delivered,Y,Y,Y,Y,Y,Y,Y,N,Y,87.7,True,True,True,True,True,True,True,False
SHP-700096,CTR-2025096,SO-500096,Sea,SG9,In Progress,Open,Y,Y,Y,Y,Y,N,Y,N,Y,75.9,True,True,True,True,True,False,True,False
SHP-700097,CTR-2025097,SO-500097,Sea,SG3,In Progress,Delivered,Y,Y,N,Y,N,N,Y,Y,Y,73.9,True,True,False,True,False,False,True,True
SHP-700098,CTR-2025098,SO-500098,Sea,SG9,In Progress,Delivered,Y,Y,Y,Y,Y,N,Y,N,Y,84.3,True,True,True,True,True,False,True,False
SHP-700099,CTR-2025099,SO-500099,Sea,SG5,In Progress,Delivered,Y,N,N,Y,Y,N,Y,Y,Y,73.1,True,False,False,True,True,False,True,True
SHP-700100,CTR-2025100,SO-500100,Sea,SG3,In Progress,Cancelled,N,Y,N,Y,N,Y,Y,N,Y,96.3,False,True,False,True,False,True,True,False
SHP-700101,CTR-2025101,SO-500101,Sea,SG6,In Progress,Delivered,N,Y,Y,Y,Y,Y,Y,Y,Y,79.8,False,True,True,True,True,True,True,True
SHP-700102,CTR-2025102,SO-500102,Sea,SG10,Complete,Delivered,Y,Y,Y,Y,Y,Y,Y,N,Y,86.6,True,True,True,True,True,True,True,False
SHP-700103,CTR-2025103,SO-500103,Sea,SG10,Complete,Delivered,Y,Y,Y,Y,Y,Y,N,N,Y,81.2,True,True,True,True,True,True,False,False
SHP-700104,CTR-2025104,SO-500104,Sea,SG10,Complete,Delivered,Y,Y,Y,Y,Y,Y,Y,N,Y,88.9,True,True,True,True,True,True,True,False
SHP-700105,CTR-2025105,SO-500105,Sea,SG10,Complete,Delivered,Y,Y,Y,Y,Y,Y,Y,N,Y,77.4,True,True,True,True,True,True,True,False
SHP-700106,CTR-2025106,SO-500106,Sea,SG7,In Progress,Delivered,Y,N,Y,Y,Y,N,Y,Y,Y,91.5,True,False,True,True,True,False,True,True
SHP-700107,CTR-2025107,SO-500107,Sea,SG9,In Progress,Delivered,Y,Y,Y,N,N,Y,Y,Y,Y,95.7,True,True,True,False,False,True,True,True
SHP-700108,CTR-2025108,SO-500108,Sea,SG6,In Progress,Open,Y,N,Y,Y,Y,Y,Y,Y,Y,82.1,True,False,True,True,True,True,True,True
SHP-700109,CTR-2025109,SO-500109,Sea,SG8,In Progress,Open,Y,N,Y,Y,Y,Y,Y,N,Y,95.4,True,False,True,True,True,True,True,False
SHP-700110,CTR-2025110,SO-500110,Sea,SG8,In Progress,Open,Y,Y,Y,Y,Y,N,Y,Y,Y,75.0,True,True,True,True,True,False,True,True
SHP-700111,CTR-2025111,SO-500111,Sea,SG8,In Progress,Delivered,Y,Y,Y,N,Y,Y,Y,Y,Y,85.8,True,True,True,False,True,True,True,True
SHP-700112,CTR-2025112,SO-500112,Sea,SG7,In Progress,Delivered,Y,Y,Y,Y,N,N,Y,Y,Y,75.6,True,True,True,True,False,False,True,True
SHP-700113,CTR-2025113,SO-500113,Land,SG10,Complete,Cancelled,Y,Y,Y,Y,N/A,Y,Y,N,Y,72.2,True,True,True,True,False,True,True,False
SHP-700114,CTR-2025114,SO-500114,Sea,SG8,In Progress,Cancelled,Y,Y,Y,N,Y,N,Y,Y,Y,92.0,True,True,True,False,True,False,True,True
SHP-700115,CTR-2025115,SO-500115,Sea,SG7,In Progress,Delivered,N,Y,Y,Y,Y,N,Y,Y,Y,74.4,False,True,True,True,True,False,True,True
SHP-700116,CTR-2025116,SO-500116,Sea,SG8,In Progress,Cancelled,Y,N,Y,N,Y,Y,Y,N,Y,93.8,True,False,True,False,True,True,True,False
SHP-700117,CTR-2025117,SO-500117,Sea,SG9,In Progress,Cancelled,Y,N,Y,Y,Y,Y,Y,N,Y,93.5,True,False,True,True,True,True,True,False
SHP-700118,CTR-2025118,SO-500118,Sea,SG8,In Progress,Cancelled,Y,N,Y,Y,N,Y,Y,N,Y,93.7,True,False,True,True,False,True,True,False
SHP-700119,CTR-2025119,SO-500119,Sea,SG8,In Progress,Delivered,Y,Y,Y,Y,Y,N,Y,N,Y,98.4,True,True,True,True,True,False,True,False
SHP-700120,CTR-2025120,SO-500120,Sea,SG7,In Progress,Open,Y,Y,N,Y,Y,Y,Y,N,Y,87.8,True,True,False,True,True,True,True,False
SHP-700121,CTR-2025121,SO-500121,Sea,SG9,In Progress,Open,Y,N,Y,Y,Y,Y,Y,Y,Y,86.9,True,False,True,True,True,True,True,True
SHP-700122,CTR-2025122,SO-500122,Sea,SG9,In Progress,Delivered,Y,N,Y,Y,Y,Y,Y,N,Y,89.0,True,False,True,True,True,True,True,False
SHP-700123,CTR-2025123,SO-500123,Land,SG7,In Progress,Open,N,Y,Y,N,N/A,Y,N,N,Y,79.5,False,True,True,False,False,True,False,False
SHP-700124,CTR-2025124,SO-500124,Sea,SG9,In Progress,Delivered,Y,N,N,Y,Y,Y,Y,Y,Y,74.8,True,False,False,True,True,True,True,True
SHP-700125,CTR-2025125,SO-500125,Sea,SG10,Complete,Cancelled,Y,Y,Y,Y,Y,Y,Y,Y,Y,96.6,True,True,True,True,True,True,True,True
SHP-700126,CTR-2025126,SO-500126,Sea,SG8,In Progress,Cancelled,Y,Y,Y,Y,N,Y,Y,N,Y,91.0,True,True,True,True,False,True,True,False
SHP-700127,CTR-2025127,SO-500127,Sea,SG8,In Progress,Cancelled,N,N,Y,Y,Y,Y,Y,Y,Y,91.0,False,False,True,True,True,True,True,True
SHP-700128,CTR-2025128,SO-500128,Sea,SG9,In Progress,Delivered,Y,N,Y,N,Y,Y,Y,N,Y,85.5,True,False,True,False,True,True,True,False
SHP-700129,CTR-2025129,SO-500129,Sea,SG8,In Progress,Delivered,Y,Y,Y,Y,N,Y,Y,N,Y,83.2,True,True,True,True,False,True,True,False
SHP-700130,CTR-2025130,SO-500130,Sea,SG9,In Progress,Delivered,Y,Y,Y,Y,N,N,Y,Y,Y,90.3,True,True,True,True,False,False,True,True
SHP-700131,CTR-2025131,SO-500131,Sea,SG7,In Progress,Delivered,Y,Y,Y,Y,N,Y,Y,N,Y,82.7,True,True,True,True,False,True,True,False
SHP-700132,CTR-2025132,SO-500132,Sea,SG7,In Progress,Delivered,Y,N,Y,Y,Y,Y,Y,N,Y,85.9,True,False,True,True,True,True,True,False
SHP-700133,CTR-2025133,SO-500133,Sea,SG7,In Progress,Open,Y,Y,Y,Y,N,Y,Y,N,Y,83.2,True,True,True,True,False,True,True,False
SHP-700134,CTR-2025134,SO-500134,Sea,SG6,In Progress,Delivered,Y,Y,Y,N,Y,Y,Y,N,Y,86.0,True,True,True,False,True,True,True,False
SHP-700135,CTR-2025135,SO-500135,Sea,SG10,Complete,Delivered,Y,Y,Y,Y,Y,Y,Y,Y,Y,72.5,True,True,True,True,True,True,True,True
SHP-700136,CTR-2025136,SO-500136,Land,SG8,In Progress,Cancelled,Y,Y,N,Y,N/A,Y,Y,N,Y,92.9,True,True,False,True,False,True,True,False
SHP-700137,CTR-2025137,SO-500137,Sea,SG7,In Progress,Cancelled,Y,Y,N,Y,Y,Y,Y,Y,Y,94.9,True,True,False,True,True,True,True,True
SHP-700138,CTR-2025138,SO-500138,Sea,SG9,In Progress,Delivered,N,Y,Y,Y,Y,N,Y,N,Y,73.8,False,True,True,True,True,False,True,False
SHP-700139,CTR-2025139,SO-500139,Sea,SG10,Complete,Open,Y,Y,Y,Y,Y,Y,Y,N,Y,97.5,True,True,True,True,True,True,True,False
SHP-700140,CTR-2025140,SO-500140,Sea,SG9,In Progress,Delivered,Y,Y,Y,N,Y,Y,Y,N,Y,77.3,True,True,True,False,True,True,True,False
SHP-700141,CTR-2025141,SO-500141,Sea,SG7,In Progress,Cancelled,N,Y,Y,N,Y,Y,Y,Y,Y,82.5,False,True,True,False,True,True,True,True
SHP-700142,CTR-2025142,SO-500142,Sea,SG10,Complete,Cancelled,Y,Y,Y,Y,Y,Y,Y,N,Y,91.1,True,True,True,True,True,True,True,False
SHP-700143,CTR-2025143,SO-500143,Sea,SG4,In Progress,Cancelled,N,N,Y,Y,N,Y,Y,N,Y,86.3,False,False,True,True,False,True,True,False
SHP-700144,CTR-2025144,SO-500144,Sea,SG7,In Progress,Cancelled,Y,Y,N,Y,Y,Y,Y,Y,Y,86.8,True,True,False,True,True,True,True,True
SHP-700145,CTR-2025145,SO-500145,Land,SG9,In Progress,Open,Y,N,Y,Y,N/A,Y,N,N,Y,94.8,True,False,True,True,False,True,False,False
SHP-700146,CTR-2025146,SO-500146,Sea,SG10,Complete,Cancelled,Y,Y,Y,Y,Y,Y,Y,N,Y,98.9,True,True,True,True,True,True,True,False
SHP-700147,CTR-2025147,SO-500147,Sea,SG6,In Progress,Delivered,Y,Y,Y,Y,Y,N,N,N,Y,88.8,True,True,True,True,True,False,False,False
SHP-700148,CTR-2025148,SO-500148,Sea,SG7,In Progress,Delivered,Y,N,Y,Y,Y,Y,Y,Y,Y,98.4,True,False,True,True,True,True,True,True
SHP-700149,CTR-2025149,SO-500149,Sea,SG9,In Progress,Delivered,Y,N,Y,Y,Y,Y,Y,Y,Y,76.4,True,False,True,True,True,True,True,True
SHP-700150,CTR-2025150,SO-500150,Sea,SG9,In Progress,Delivered,Y,Y,N,N,Y,Y,Y,N,Y,78.2,True,True,False,False,True,True,True,False
SHP-700151,CTR-2025151,SO-500151,Sea,SG10,Complete,Delivered,Y,Y,Y,Y,Y,Y,Y,N,Y,72.8,True,True,True,True,True,True,True,False
SHP-700152,CTR-2025152,SO-500152,Sea,SG7,In Progress,Open,Y,Y,Y,Y,N,Y,Y,Y,Y,73.2,True,True,True,True,False,True,True,True
SHP-700153,CTR-2025153,SO-500153,Sea,SG8,In Progress,Open,Y,Y,Y,Y,Y,N,Y,Y,Y,81.6,True,True,True,True,True,False,True,True
SHP-700154,CTR-2025154,SO-500154,Sea,SG10,Complete,Delivered,Y,Y,Y,Y,Y,Y,Y,N,Y,96.8,True,True,True,True,True,True,True,False
SHP-700155,CTR-2025155,SO-500155,Sea,SG6,In Progress,Delivered,N,Y,N,N,N,Y,Y,N,Y,79.6,False,True,False,False,False,True,True,False
SHP-700156,CTR-2025156,SO-500156,Sea,SG10,Complete,Delivered,Y,Y,Y,Y,Y,Y,Y,Y,Y,81.5,True,True,True,True,True,True,True,True
SHP-700157,CTR-2025157,SO-500157,Land,SG10,Complete,Delivered,Y,Y,Y,Y,N/A,Y,Y,Y,Y,85.4,True,True,True,True,False,True,True,True
SHP-700158,CTR-2025158,SO-500158,Sea,SG8,In Progress,Delivered,Y,Y,Y,Y,N,Y,N,N,Y,73.9,True,True,True,True,False,True,False,False
SHP-700159,CTR-2025159,SO-500159,Sea,SG10,Complete,Delivered,Y,Y,Y,Y,Y,Y,Y,N,Y,92.8,True,True,True,True,True,True,True,False
SHP-700160,CTR-2025160,SO-500160,Sea,SG8,In Progress,Cancelled,Y,N,Y,Y,Y,N,N,N,Y,75.5,True,False,True,True,True,False,False,False
SHP-700161,CTR-2025161,SO-500161,Land,SG6,In Progress,Cancelled,Y,N,Y,Y,N/A,N,Y,N,Y,78.1,True,False,True,True,False,False,True,False
SHP-700162,CTR-2025162,SO-500162,Sea,SG9,In Progress,Delivered,Y,Y,N,Y,N,Y,Y,Y,Y,89.9,True,True,False,True,False,True,True,True
SHP-700163,CTR-2025163,SO-500163,Sea,SG10,Complete,Cancelled,Y,Y,Y,Y,Y,Y,Y,Y,Y,76.9,True,True,True,True,True,True,True,True
SHP-700164,CTR-2025164,SO-500164,Land,SG10,Complete,Open,Y,Y,Y,Y,N/A,Y,Y,Y,Y,87.9,True,True,True,True,False,True,True,True
SHP-700165,CTR-2025165,SO-500165,Sea,SG6,In Progress,Open,Y,N,Y,N,Y,Y,Y,Y,Y,97.7,True,False,True,False,True,True,True,True
SHP-700166,CTR-2025166,SO-500166,Sea,SG7,In Progress,Delivered,N,Y,Y,Y,Y,Y,Y,Y,Y,85.9,False,True,True,True,True,True,True,True
SHP-700167,CTR-2025167,SO-500167,Sea,SG10,Complete,Delivered,Y,Y,Y,Y,Y,Y,Y,Y,Y,96.9,True,True,True,True,True,True,True,True
SHP-700168,CTR-2025168,SO-500168,Sea,SG10,Complete,Cancelled,Y,Y,Y,Y,Y,Y,Y,N,Y,81.1,True,True,True,True,True,True,True,False
SHP-700169,CTR-2025169,SO-500169,Sea,SG10,Complete,Delivered,Y,Y,Y,Y,Y,Y,Y,Y,Y,82.3,True,True,True,True,True,True,True,True
SHP-700170,CTR-2025170,SO-500170,Sea,SG6,In Progress,Delivered,N,Y,Y,N,Y,Y,N,Y,Y,91.0,False,True,True,False,True,True,False,True
SHP-700171,CTR-2025171,SO-500171,Sea,SG7,In Progress,Delivered,Y,Y,Y,Y,N,Y,Y,N,Y,73.4,True,True,True,True,False,True,True,False
SHP-700172,CTR-2025172,SO-500172,Sea,SG10,Complete,Cancelled,Y,Y,Y,Y,Y,Y,Y,N,Y,75.6,True,True,True,True,True,True,True,False
SHP-700173,CTR-2025173,SO-500173,Sea,SG8,In Progress,Cancelled,Y,N,Y,Y,Y,Y,Y,Y,Y,78.8,True,False,True,True,True,True,True,True
SHP-700174,CTR-2025174,SO-500174,Sea,SG9,In Progress,Cancelled,Y,Y,Y,N,Y,Y,N,Y,Y,86.8,True,True,True,False,True,True,False,True
SHP-700175,CTR-2025175,SO-500175,Sea,SG10,Complete,Cancelled,Y,Y,Y,Y,Y,Y,Y,Y,Y,73.8,True,True,True,True,True,True,True,True
SHP-700176,CTR-2025176,SO-500176,Sea,SG10,Complete,Delivered,Y,Y,Y,Y,Y,Y,Y,N,Y,97.5,True,True,True,True,True,True,True,False
SHP-700177,CTR-2025177,SO-500177,Sea,SG10,Complete,Delivered,Y,Y,Y,Y,Y,Y,Y,Y,Y,79.5,True,True,True,True,True,True,True,True
SHP-700178,CTR-2025178,SO-500178,Sea,SG6,In Progress,Cancelled,Y,Y,N,Y,Y,Y,Y,N,Y,75.1,True,True,False,True,True,True,True,False
SHP-700179,CTR-2025179,SO-500179,Sea,SG10,Complete,Delivered,Y,Y,Y,Y,Y,Y,Y,N,Y,77.5,True,True,True,True,True,True,True,False
SHP-700180,CTR-2025180,SO-500180,Sea,SG10,Complete,Cancelled,Y,Y,Y,Y,Y,Y,N,Y,Y,74.0,True,True,True,True,True,True,False,True
SHP-700181,CTR-2025181,SO-500181,Sea,SG9,In Progress,Delivered,Y,Y,Y,Y,N,Y,Y,Y,Y,72.4,True,True,True,True,False,True,True,True
SHP-700182,CTR-2025182,SO-500182,Sea,SG10,Complete,Delivered,Y,Y,Y,Y,Y,Y,Y,N,Y,88.1,True,True,True,True,True,True,True,False
SHP-700183,CTR-2025183,SO-500183,Sea,SG8,In Progress,Cancelled,Y,Y,Y,Y,N,Y,Y,Y,Y,77.5,True,True,True,True,False,True,True,True
SHP-700184,CTR-2025184,SO-500184,Sea,SG8,In Progress,Open,Y,Y,Y,N,Y,Y,Y,N,Y,84.2,True,True,True,False,True,True,True,False
SHP-700185,CTR-2025185,SO-500185,Sea,SG10,Complete,Delivered,Y,Y,Y,Y,Y,Y,Y,Y,Y,72.2,True,True,True,True,True,True,True,True
SHP-700186,CTR-2025186,SO-500186,Sea,SG8,In Progress,Open,Y,N,Y,Y,Y,Y,Y,N,Y,91.5,True,False,True,True,True,True,True,False
SHP-700187,CTR-2025187,SO-500187,Land,SG8,In Progress,Open,N,Y,Y,Y,N/A,Y,Y,N,Y,74.5,False,True,True,True,False,True,True,False
SHP-700188,CTR-2025188,SO-500188,Sea,SG8,In Progress,Delivered,Y,Y,N,Y,Y,Y,Y,N,Y,78.7,True,True,False,True,True,True,True,False
SHP-700189,CTR-2025189,SO-500189,Sea,SG8,In Progress,Delivered,N,Y,Y,Y,Y,Y,Y,N,Y,94.6,False,True,True,True,True,True,True,False
SHP-700190,CTR-2025190,SO-500190,Sea,SG10,Complete,Open,Y,Y,Y,Y,Y,Y,Y,Y,Y,91.9,True,True,True,True,True,True,True,True
SHP-700191,CTR-2025191,SO-500191,Sea,SG6,In Progress,Delivered,Y,N,Y,Y,Y,Y,Y,N,Y,81.9,True,False,True,True,True,True,True,False
SHP-700192,CTR-2025192,SO-500192,Sea,SG10,Complete,Delivered,Y,Y,Y,Y,Y,Y,Y,N,Y,83.5,True,True,True,True,True,True,True,False
SHP-700193,CTR-2025193,SO-500193,Sea,SG9,In Progress,Delivered,Y,Y,N,Y,Y,Y,Y,N,Y,72.6,True,True,False,True,True,True,True,False
SHP-700194,CTR-2025194,SO-500194,Sea,SG6,In Progress,Delivered,Y,Y,Y,Y,N,Y,Y,N,Y,83.1,True,True,True,True,False,True,True,False
SHP-700195,CTR-2025195,SO-500195,Sea,SG8,In Progress,Delivered,Y,Y,Y,N,N,Y,Y,N,Y,95.8,True,True,True,False,False,True,True,False
SHP-700196,CTR-2025196,SO-500196,Sea,SG7,In Progress,Delivered,Y,Y,Y,Y,N,Y,Y,N,Y,86.5,True,True,True,True,False,True,True,False
SHP-700197,CTR-2025197,SO-500197,Sea,SG10,Complete,Delivered,Y,Y,Y,Y,Y,Y,Y,Y,Y,80.8,True,True,True,True,True,True,True,True
SHP-700198,CTR-2025198,SO-500198,Sea,SG7,In Progress,Delivered,Y,Y,Y,N,Y,Y,Y,N,Y,85.6,True,True,True,False,True,True,True,False
SHP-700199,CTR-2025199,SO-500199,Sea,SG10,Complete,Open,Y,Y,Y,Y,Y,Y,Y,Y,Y,88.5,True,True,True,True,True,True,True,True
SHP-700200,CTR-2025200,SO-500200,Sea,SG8,In Progress,Delivered,N,Y,Y,Y,N,Y,Y,N,Y,72.1,False,True,True,True,False,True,True,False
SHP-700201,CTR-2025201,SO-500201,Sea,SG8,In Progress,Open,Y,Y,Y,N,Y,Y,Y,N,Y,96.1,True,True,True,False,True,True,True,False
SHP-700202,CTR-2025202,SO-500202,Sea,SG8,In Progress,Cancelled,Y,Y,Y,Y,N,Y,Y,Y,Y,73.6,True,True,True,True,False,True,True,True
SHP-700203,CTR-2025203,SO-500203,Sea,SG9,In Progress,Cancelled,Y,Y,Y,Y,N,Y,Y,N,Y,83.6,True,True,True,True,False,True,True,False
SHP-700204,CTR-2025204,SO-500204,Sea,SG10,Complete,Cancelled,Y,Y,Y,Y,Y,Y,Y,N,Y,89.0,True,True,True,True,True,True,True,False
SHP-700205,CTR-2025205,SO-500205,Sea,SG9,In Progress,Delivered,Y,N,N,Y,Y,Y,Y,N,Y,77.6,True,False,False,True,True,True,True,False
SHP-700206,CTR-2025206,SO-500206,Sea,SG6,In Progress,Delivered,Y,Y,Y,Y,N,Y,Y,N,Y,73.9,True,True,True,True,False,True,True,False
SHP-700207,CTR-2025207,SO-500207,Sea,SG10,Complete,Cancelled,Y,Y,Y,Y,Y,Y,Y,N,Y,86.5,True,True,True,True,True,True,True,False
SHP-700208,CTR-2025208,SO-500208,Sea,SG10,Complete,Delivered,Y,Y,Y,Y,Y,Y,Y,Y,Y,77.0,True,True,True,True,True,True,True,True
SHP-700209,CTR-2025209,SO-500209,Sea,SG9,In Progress,Delivered,Y,Y,N,Y,Y,Y,Y,Y,Y,77.5,True,True,False,True,True,True,True,True
SHP-700210,CTR-2025210,SO-500210,Sea,SG8,In Progress,Cancelled,N,Y,Y,Y,Y,Y,Y,N,Y,74.0,False,True,True,True,True,True,True,False
SHP-700211,CTR-2025211,SO-500211,Sea,SG10,Complete,Delivered,Y,Y,Y,Y,Y,Y,Y,N,Y,81.5,True,True,True,True,True,True,True,False
SHP-700212,CTR-2025212,SO-500212,Land,SG9,In Progress,Delivered,Y,N,Y,Y,N/A,Y,Y,Y,Y,91.1,True,False,True,True,False,True,True,True
SHP-700213,CTR-2025213,SO-500213,Sea,SG4,In Progress,Delivered,N,N,Y,N,Y,Y,Y,Y,Y,86.8,False,False,True,False,True,True,True,True
SHP-700214,CTR-2025214,SO-500214,Sea,SG7,In Progress,Delivered,N,Y,Y,Y,Y,Y,Y,Y,Y,75.8,False,True,True,True,True,True,True,True
SHP-700215,CTR-2025215,SO-500215,Sea,SG8,In Progress,Open,Y,Y,Y,N,Y,Y,Y,Y,Y,96.5,True,True,True,False,True,True,True,True
SHP-700216,CTR-2025216,SO-500216,Sea,SG10,Complete,Delivered,Y,Y,Y,Y,Y,Y,Y,Y,Y,84.8,True,True,True,True,True,True,True,True
SHP-700217,CTR-2025217,SO-500217,Sea,SG9,In Progress,Cancelled,Y,Y,Y,Y,N,Y,Y,N,Y,96.5,True,True,True,True,False,True,True,False
SHP-700218,CTR-2025218,SO-500218,Sea,SG9,In Progress,Delivered,Y,N,Y,Y,N,Y,Y,Y,Y,93.5,True,False,True,True,False,True,True,True
SHP-700219,CTR-2025219,SO-500219,Sea,SG6,In Progress,Delivered,Y,Y,Y,Y,N,Y,Y,N,Y,77.2,True,True,True,True,False,True,True,False
SHP-700220,CTR-2025220,SO-500220,Land,SG6,In Progress,Delivered,Y,N,Y,Y,N/A,Y,Y,Y,Y,93.0,True,False,True,True,False,True,True,True
SHP-700221,CTR-2025221,SO-500221,Sea,SG7,In Progress,Delivered,Y,N,Y,Y,N,Y,N,N,Y,79.0,True,False,True,True,False,True,False,False
SHP-700222,CTR-2025222,SO-500222,Sea,SG5,In Progress,Delivered,N,Y,Y,N,N,N,Y,Y,Y,96.2,False,True,True,False,False,False,True,True
SHP-700223,CTR-2025223,SO-500223,Sea,SG10,Complete,Delivered,Y,Y,Y,Y,Y,Y,Y,Y,Y,87.6,True,True,True,True,True,True,True,True
SHP-700224,CTR-2025224,SO-500224,Sea,SG7,In Progress,Cancelled,N,N,Y,Y,Y,Y,Y,Y,Y,98.9,False,False,True,True,True,True,True,True
SHP-700225,CTR-2025225,SO-500225,Sea,SG5,In Progress,Delivered,Y,N,N,N,Y,Y,Y,N,Y,87.3,True,False,False,False,True,True,True,False
SHP-700226,CTR-2025226,SO-500226,Sea,SG5,In Progress,Delivered,Y,Y,N,Y,N,N,Y,Y,Y,73.1,True,True,False,True,False,False,True,True
SHP-700227,CTR-2025227,SO-500227,Sea,SG10,Complete,Open,Y,Y,Y,Y,Y,Y,Y,N,Y,98.7,True,True,True,True,True,True,True,False
SHP-700228,CTR-2025228,SO-500228,Sea,SG10,Complete,Open,Y,Y,Y,Y,Y,Y,Y,N,Y,97.1,True,True,True,True,True,True,True,False
SHP-700229,CTR-2025229,SO-500229,Sea,SG8,In Progress,Delivered,Y,Y,Y,Y,N,Y,Y,Y,Y,91.3,True,True,True,True,False,True,True,True
SHP-700230,CTR-2025230,SO-500230,Sea,SG8,In Progress,Delivered,Y,N,Y,Y,Y,Y,Y,N,Y,76.5,True,False,True,True,True,True,True,False
SHP-700231,CTR-2025231,SO-500231,Sea,SG10,Complete,Delivered,Y,Y,Y,Y,Y,Y,Y,N,Y,88.2,True,True,True,True,True,True,True,False
SHP-700232,CTR-2025232,SO-500232,Sea,SG9,In Progress,Cancelled,N,Y,Y,Y,Y,Y,N,N,Y,93.0,False,True,True,True,True,True,False,False
SHP-700233,CTR-2025233,SO-500233,Sea,SG8,In Progress,Delivered,Y,Y,Y,Y,Y,N,Y,N,Y,82.9,True,True,True,True,True,False,True,False
SHP-700234,CTR-2025234,SO-500234,Sea,SG9,In Progress,Cancelled,N,Y,Y,Y,N,Y,Y,N,Y,73.4,False,True,True,True,False,True,True,False
SHP-700235,CTR-2025235,SO-500235,Sea,SG8,In Progress,Delivered,N,Y,Y,Y,N,Y,Y,Y,Y,77.7,False,True,True,True,False,True,True,True
SHP-700236,CTR-2025236,SO-500236,Sea,SG9,In Progress,Delivered,Y,Y,Y,Y,N,Y,Y,Y,Y,72.8,True,True,True,True,False,True,True,True
SHP-700237,CTR-2025237,SO-500237,Sea,SG10,Complete,Cancelled,Y,Y,Y,Y,Y,Y,Y,N,Y,73.8,True,True,True,True,True,True,True,False
SHP-700238,CTR-2025238,SO-500238,Sea,SG9,In Progress,Cancelled,Y,Y,Y,N,Y,Y,N,N,Y,77.7,True,True,True,False,True,True,False,False
SHP-700239,CTR-2025239,SO-500239,Sea,SG4,In Progress,Delivered,Y,Y,N,N,N,Y,Y,N,Y,92.5,True,True,False,False,False,True,True,False
SHP-700240,CTR-2025240,SO-500240,Sea,SG7,In Progress,Delivered,Y,Y,Y,Y,N,Y,Y,N,Y,75.5,True,True,True,True,False,True,True,False
SHP-700241,CTR-2025241,SO-500241,Sea,SG6,In Progress,Open,Y,Y,N,Y,Y,Y,Y,Y,Y,81.3,True,True,False,True,True,True,True,True
SHP-700242,CTR-2025242,SO-500242,Sea,SG4,In Progress,Delivered,Y,N,Y,Y,N,N,Y,N,Y,75.7,True,False,True,True,False,False,True,False
SHP-700243,CTR-2025243,SO-500243,Sea,SG7,In Progress,Cancelled,Y,Y,Y,Y,N,Y,N,N,Y,84.4,True,True,True,True,False,True,False,False
SHP-700244,CTR-2025244,SO-500244,Sea,SG8,In Progress,Open,Y,Y,Y,Y,N,Y,Y,Y,Y,90.0,True,True,True,True,False,True,True,True
SHP-700245,CTR-2025245,SO-500245,Sea,SG10,Complete,Delivered,Y,Y,Y,Y,Y,Y,Y,Y,Y,82.0,True,True,True,True,True,True,True,True
SHP-700246,CTR-2025246,SO-500246,Sea,SG10,Complete,Delivered,Y,Y,Y,Y,Y,Y,Y,Y,Y,95.2,True,True,True,True,True,True,True,True
SHP-700247,CTR-2025247,SO-500247,Sea,SG6,In Progress,Delivered,Y,Y,Y,N,Y,Y,Y,N,Y,76.7,True,True,True,False,True,True,True,False
SHP-700248,CTR-2025248,SO-500248,Sea,SG10,Complete,Delivered,Y,Y,Y,Y,Y,Y,Y,N,Y,89.9,True,True,True,True,True,True,True,False
SHP-700249,CTR-2025249,SO-500249,Sea,SG7,In Progress,Delivered,N,Y,Y,Y,N,Y,Y,N,Y,79.7,False,True,True,True,False,True,True,False
SHP-700250,CTR-2025250,SO-500250,Sea,SG7,In Progress,Delivered,Y,Y,N,Y,Y,Y,Y,Y,Y,74.3,True,True,False,True,True,True,True,True
SHP-700251,CTR-2025251,SO-500251,Sea,SG10,Complete,Delivered,Y,Y,Y,Y,Y,Y,Y,N,Y,95.6,True,True,True,True,True,True,True,False
SHP-700252,CTR-2025252,SO-500252,Sea,SG9,In Progress,Open,Y,Y,Y,Y,N,Y,Y,Y,Y,76.1,True,True,True,True,False,True,True,True
SHP-700253,CTR-2025253,SO-500253,Sea,SG6,In Progress,Delivered,Y,Y,Y,Y,N,Y,Y,N,Y,77.6,True,True,True,True,False,True,True,False
SHP-700254,CTR-2025254,SO-500254,Sea,SG6,In Progress,Delivered,Y,Y,Y,Y,Y,N,Y,N,Y,83.6,True,True,True,True,True,False,True,False
SHP-700255,CTR-2025255,SO-500255,Sea,SG10,Complete,Delivered,Y,Y,Y,Y,Y,Y,N,N,Y,77.5,True,True,True,True,True,True,False,False
SHP-700256,CTR-2025256,SO-500256,Sea,SG10,Complete,Delivered,Y,Y,Y,Y,Y,Y,N,N,Y,72.9,True,True,True,True,True,True,False,False
SHP-700257,CTR-2025257,SO-500257,Sea,SG6,In Progress,Delivered,Y,Y,Y,N,Y,Y,Y,N,Y,73.3,True,True,True,False,True,True,True,False
SHP-700258,CTR-2025258,SO-500258,Sea,SG9,In Progress,Delivered,Y,N,Y,N,Y,Y,Y,N,Y,82.6,True,False,True,False,True,True,True,False
SHP-700259,CTR-2025259,SO-500259,Sea,SG6,In Progress,Open,Y,N,Y,Y,Y,Y,Y,N,Y,82.5,True,False,True,True,True,True,True,False
SHP-700260,CTR-2025260,SO-500260,Sea,SG6,In Progress,Delivered,N,N,Y,Y,Y,Y,Y,N,Y,72.8,False,False,True,True,True,True,True,False
SHP-700261,CTR-2025261,SO-500261,Sea,SG10,Complete,Delivered,Y,Y,Y,Y,Y,Y,Y,Y,Y,94.9,True,True,True,True,True,True,True,True
SHP-700262,CTR-2025262,SO-500262,Sea,SG10,Complete,Delivered,Y,Y,Y,Y,Y,Y,N,Y,Y,91.3,True,True,True,True,True,True,False,True
SHP-700263,CTR-2025263,SO-500263,Sea,SG10,Complete,Delivered,Y,Y,Y,Y,Y,Y,Y,N,Y,79.0,True,True,True,True,True,True,True,False
SHP-700264,CTR-2025264,SO-500264,Sea,SG10,Complete,Delivered,Y,Y,Y,Y,Y,Y,N,Y,Y,74.5,True,True,True,True,True,True,False,True
SHP-700265,CTR-2025265,SO-500265,Sea,SG9,In Progress,Delivered,N,Y,Y,Y,N,Y,Y,N,Y,84.7,False,True,True,True,False,True,True,False
SHP-700266,CTR-2025266,SO-500266,Sea,SG6,In Progress,Delivered,Y,Y,Y,Y,Y,N,Y,Y,Y,73.5,True,True,True,True,True,False,True,True
SHP-700267,CTR-2025267,SO-500267,Sea,SG6,In Progress,Cancelled,N,N,Y,Y,Y,Y,Y,Y,Y,96.5,False,False,True,True,True,True,True,True
SHP-700268,CTR-2025268,SO-500268,Sea,SG8,In Progress,Delivered,Y,Y,Y,N,N,Y,Y,N,Y,94.4,True,True,True,False,False,True,True,False
SHP-700269,CTR-2025269,SO-500269,Sea,SG7,In Progress,Delivered,N,Y,Y,Y,Y,Y,Y,N,Y,83.7,False,True,True,True,True,True,True,False
SHP-700270,CTR-2025270,SO-500270,Sea,SG6,In Progress,Delivered,N,N,Y,Y,Y,Y,Y,Y,Y,97.2,False,False,True,True,True,True,True,True
SHP-700271,CTR-2025271,SO-500271,Sea,SG9,In Progress,Cancelled,Y,Y,Y,Y,Y,N,N,N,Y,94.3,True,True,True,True,True,False,False,False
SHP-700272,CTR-2025272,SO-500272,Sea,SG8,In Progress,Open,Y,N,Y,N,Y,Y,Y,Y,Y,73.8,True,False,True,False,True,True,True,True
SHP-700273,CTR-2025273,SO-500273,Sea,SG7,In Progress,Cancelled,Y,Y,Y,Y,N,Y,Y,N,Y,87.3,True,True,True,True,False,True,True,False
SHP-700274,CTR-2025274,SO-500274,Sea,SG10,Complete,Delivered,Y,Y,Y,Y,Y,Y,Y,Y,Y,81.4,True,True,True,True,True,True,True,True
SHP-700275,CTR-2025275,SO-500275,Sea,SG7,In Progress,Cancelled,N,N,Y,Y,Y,Y,Y,Y,Y,87.6,False,False,True,True,True,True,True,True
SHP-700276,CTR-2025276,SO-500276,Sea,SG10,Complete,Cancelled,Y,Y,Y,Y,Y,Y,Y,N,Y,80.9,True,True,True,True,True,True,True,False
SHP-700277,CTR-2025277,SO-500277,Sea,SG8,In Progress,Delivered,Y,N,Y,Y,Y,N,Y,N,Y,93.8,True,False,True,True,True,False,True,False
SHP-700278,CTR-2025278,SO-500278,Sea,SG10,Complete,Delivered,Y,Y,Y,Y,Y,Y,Y,N,Y,90.5,True,True,True,True,True,True,True,False
SHP-700279,CTR-2025279,SO-500279,Sea,SG9,In Progress,Delivered,Y,N,Y,N,Y,Y,Y,Y,Y,87.2,True,False,True,False,True,True,True,True
SHP-700280,CTR-2025280,SO-500280,Sea,SG7,In Progress,Delivered,Y,N,N,Y,Y,Y,Y,Y,Y,74.1,True,False,False,True,True,True,True,True
SHP-700281,CTR-2025281,SO-500281,Sea,SG10,Complete,Delivered,Y,Y,Y,Y,Y,Y,Y,Y,Y,78.9,True,True,True,True,True,True,True,True
SHP-700282,CTR-2025282,SO-500282,Sea,SG7,In Progress,Delivered,N,Y,Y,Y,Y,Y,Y,N,Y,76.9,False,True,True,True,True,True,True,False
SHP-700283,CTR-2025283,SO-500283,Sea,SG4,In Progress,Delivered,N,Y,Y,N,N,Y,Y,Y,Y,78.2,False,True,True,False,False,True,True,True
SHP-700284,CTR-2025284,SO-500284,Sea,SG10,Complete,Cancelled,Y,Y,Y,Y,Y,Y,Y,Y,Y,89.2,True,True,True,True,True,True,True,True
SHP-700285,CTR-2025285,SO-500285,Sea,SG10,Complete,Delivered,Y,Y,Y,Y,Y,Y,Y,N,Y,94.3,True,True,True,True,True,True,True,False
SHP-700286,CTR-2025286,SO-500286,Sea,SG6,In Progress,Delivered,N,Y,Y,Y,Y,Y,Y,N,Y,78.8,False,True,True,True,True,True,True,False
SHP-700287,CTR-2025287,SO-500287,Sea,SG10,Complete,Delivered,Y,Y,Y,Y,Y,Y,N,N,Y,79.3,True,True,True,True,True,True,False,False
SHP-700288,CTR-2025288,SO-500288,Sea,SG6,In Progress,Delivered,N,Y,Y,Y,Y,Y,Y,N,Y,93.7,False,True,True,True,True,True,True,False
SHP-700289,CTR-2025289,SO-500289,Sea,SG10,Complete,Open,Y,Y,Y,Y,Y,Y,Y,N,Y,89.8,True,True,True,True,True,True,True,False
SHP-700290,CTR-2025290,SO-500290,Sea,SG8,In Progress,Delivered,Y,N,Y,Y,Y,Y,Y,N,Y,86.8,True,False,True,True,True,True,True,False
SHP-700291,CTR-2025291,SO-500291,Sea,SG8,In Progress,Delivered,Y,N,Y,Y,N,Y,N,Y,Y,82.6,True,False,True,True,False,True,False,True
SHP-700292,CTR-2025292,SO-500292,Sea,SG6,In Progress,Delivered,N,N,Y,N,Y,Y,N,N,Y,94.5,False,False,True,False,True,True,False,False
SHP-700293,CTR-2025293,SO-500293,Sea,SG6,In Progress,Open,Y,N,Y,Y,N,N,N,N,Y,73.1,True,False,True,True,False,False,False,False
SHP-700294,CTR-2025294,SO-500294,Sea,SG8,In Progress,Delivered,Y,Y,Y,N,N,Y,Y,Y,Y,73.1,True,True,True,False,False,True,True,True
SHP-700295,CTR-2025295,SO-500295,Sea,SG10,Complete,Cancelled,Y,Y,Y,Y,Y,Y,Y,Y,Y,96.4,True,True,True,True,True,True,True,True
SHP-700296,CTR-2025296,SO-500296,Sea,SG9,In Progress,Open,Y,Y,Y,Y,N,Y,Y,Y,Y,78.1,True,True,True,True,False,True,True,True
SHP-700297,CTR-2025297,SO-500297,Sea,SG7,In Progress,Delivered,Y,Y,Y,Y,N,Y,N,Y,Y,77.7,True,True,True,True,False,True,False,True
SHP-700298,CTR-2025298,SO-500298,Sea,SG7,In Progress,Delivered,Y,N,Y,Y,Y,Y,Y,N,Y,76.4,True,False,True,True,True,True,True,False
SHP-700299,CTR-2025299,SO-500299,Sea,SG9,In Progress,Open,Y,Y,Y,N,Y,Y,Y,N,Y,83.0,True,True,True,False,True,True,True,False
SHP-700300,CTR-2025300,SO-500300,Sea,SG9,In Progress,Delivered,Y,N,Y,Y,N,Y,Y,N,Y,79.0,True,False,True,True,False,True,True,False
SHP-700301,CTR-2025301,SO-500301,Sea,SG10,Complete,Delivered,Y,Y,Y,Y,Y,Y,Y,N,Y,94.3,True,True,True,True,True,True,True,False
SHP-700302,CTR-2025302,SO-500302,Sea,SG10,Complete,Cancelled,Y,Y,Y,Y,Y,Y,Y,N,Y,79.3,True,True,True,True,True,True,True,False
SHP-700303,CTR-2025303,SO-500303,Sea,SG8,In Progress,Open,N,Y,Y,Y,N,Y,Y,Y,Y,87.6,False,True,True,True,False,True,True,True
SHP-700304,CTR-2025304,SO-500304,Sea,SG10,Complete,Open,Y,Y,Y,Y,Y,Y,Y,N,Y,87.2,True,True,True,True,True,True,True,False
SHP-700305,CTR-2025305,SO-500305,Sea,SG8,In Progress,Delivered,Y,N,Y,Y,Y,Y,Y,N,Y,72.4,True,False,True,True,True,True,True,False
SHP-700306,CTR-2025306,SO-500306,Sea,SG9,In Progress,Delivered,Y,N,Y,Y,Y,Y,Y,N,Y,78.8,True,False,True,True,True,True,True,False
SHP-700307,CTR-2025307,SO-500307,Sea,SG4,In Progress,Open,Y,N,Y,Y,N,N,Y,Y,Y,90.3,True,False,True,True,False,False,True,True
SHP-700308,CTR-2025308,SO-500308,Sea,SG10,Complete,Open,Y,Y,Y,Y,Y,Y,Y,N,Y,78.1,True,True,True,True,True,True,True,False
SHP-700309,CTR-2025309,SO-500309,Sea,SG10,Complete,Open,Y,Y,Y,Y,Y,Y,Y,N,Y,88.4,True,True,True,True,True,True,True,False
SHP-700310,CTR-2025310,SO-500310,Sea,SG6,In Progress,Delivered,Y,N,Y,Y,Y,N,Y,Y,Y,84.6,True,False,True,True,True,False,True,True
SHP-700311,CTR-2025311,SO-500311,Sea,SG6,In Progress,Open,N,N,N,Y,N,Y,Y,N,Y,76.7,False,False,False,True,False,True,True,False
SHP-700312,CTR-2025312,SO-500312,Sea,SG8,In Progress,Delivered,Y,Y,N,Y,Y,Y,Y,N,Y,85.5,True,True,False,True,True,True,True,False
SHP-700313,CTR-2025313,SO-500313,Sea,SG8,In Progress,Delivered,N,N,Y,Y,Y,Y,Y,N,Y,91.3,False,False,True,True,True,True,True,False
SHP-700314,CTR-2025314,SO-500314,Sea,SG9,In Progress,Delivered,Y,Y,Y,Y,Y,N,Y,Y,Y,97.5,True,True,True,True,True,False,True,True
SHP-700315,CTR-2025315,SO-500315,Sea,SG8,In Progress,Open,Y,N,Y,Y,N,Y,Y,Y,Y,72.4,True,False,True,True,False,True,True,True
SHP-700316,CTR-2025316,SO-500316,Sea,SG10,Complete,Delivered,Y,Y,Y,Y,Y,Y,N,N,Y,94.5,True,True,True,True,True,True,False,False
SHP-700317,CTR-2025317,SO-500317,Sea,SG7,In Progress,Open,Y,Y,Y,Y,N,Y,Y,Y,Y,72.0,True,True,True,True,False,True,True,True
SHP-700318,CTR-2025318,SO-500318,Sea,SG8,In Progress,Cancelled,Y,Y,N,Y,N,Y,Y,Y,Y,87.3,True,True,False,True,False,True,True,True
SHP-700319,CTR-2025319,SO-500319,Sea,SG6,In Progress,Cancelled,Y,N,Y,Y,Y,Y,Y,N,Y,74.6,True,False,True,True,True,True,True,False
SHP-700320,CTR-2025320,SO-500320,Sea,SG6,In Progress,Delivered,Y,N,Y,Y,N,Y,Y,N,Y,98.9,True,False,True,True,False,True,True,False
SHP-700321,CTR-2025321,SO-500321,Sea,SG10,Complete,Delivered,Y,Y,Y,Y,Y,Y,Y,Y,Y,80.5,True,True,True,True,True,True,True,True
SHP-700322,CTR-2025322,SO-500322,Sea,SG4,In Progress,Delivered,N,Y,Y,Y,N,N,Y,Y,Y,95.6,False,True,True,True,False,False,True,True
SHP-700323,CTR-2025323,SO-500323,Sea,SG8,In Progress,Open,Y,Y,Y,N,Y,Y,Y,N,Y,88.7,True,True,True,False,True,True,True,False
SHP-700324,CTR-2025324,SO-500324,Sea,SG5,In Progress,Open,Y,N,Y,N,N,Y,Y,N,Y,86.6,True,False,True,False,False,True,True,False
SHP-700325,CTR-2025325,SO-500325,Sea,SG6,In Progress,Open,N,N,Y,Y,N,N,Y,N,Y,94.1,False,False,True,True,False,False,True,False
SHP-700326,CTR-2025326,SO-500326,Sea,SG6,In Progress,Delivered,N,Y,Y,Y,Y,Y,Y,Y,Y,93.9,False,True,True,True,True,True,True,True
SHP-700327,CTR-2025327,SO-500327,Sea,SG9,In Progress,Delivered,Y,Y,Y,Y,Y,N,Y,N,Y,87.0,True,True,True,True,True,False,True,False
SHP-700328,CTR-2025328,SO-500328,Sea,SG9,In Progress,Delivered,Y,Y,Y,N,N,Y,Y,Y,Y,80.9,True,True,True,False,False,True,True,True
SHP-700329,CTR-2025329,SO-500329,Sea,SG10,Complete,Cancelled,Y,Y,Y,Y,Y,Y,Y,Y,Y,75.3,True,True,True,True,True,True,True,True
SHP-700330,CTR-2025330,SO-500330,Sea,SG8,In Progress,Open,Y,Y,N,Y,Y,Y,Y,N,Y,89.8,True,True,False,True,True,True,True,False
SHP-700331,CTR-2025331,SO-500331,Sea,SG6,In Progress,Open,Y,Y,Y,N,Y,Y,Y,Y,Y,82.5,True,True,True,False,True,True,True,True
SHP-700332,CTR-2025332,SO-500332,Sea,SG9,In Progress,Delivered,Y,Y,N,Y,Y,Y,Y,Y,Y,97.8,True,True,False,True,True,True,True,True
SHP-700333,CTR-2025333,SO-500333,Sea,SG8,In Progress,Delivered,N,Y,Y,Y,Y,N,Y,N,Y,82.6,False,True,True,True,True,False,True,False
SHP-700334,CTR-2025334,SO-500334,Sea,SG4,In Progress,Delivered,N,Y,N,Y,N,Y,Y,N,Y,87.6,False,True,False,True,False,True,True,False
SHP-700335,CTR-2025335,SO-500335,Sea,SG6,In Progress,Open,Y,Y,N,Y,Y,Y,Y,Y,Y,80.0,True,True,False,True,True,True,True,True
SHP-700336,CTR-2025336,SO-500336,Sea,SG5,In Progress,Delivered,N,N,Y,N,Y,Y,Y,Y,Y,87.8,False,False,True,False,True,True,True,True
SHP-700337,CTR-2025337,SO-500337,Sea,SG7,In Progress,Delivered,Y,N,Y,Y,Y,Y,Y,Y,Y,97.4,True,False,True,True,True,True,True,True
SHP-700338,CTR-2025338,SO-500338,Sea,SG9,In Progress,Open,N,Y,Y,Y,Y,Y,Y,N,Y,85.9,False,True,True,True,True,True,True,False
SHP-700339,CTR-2025339,SO-500339,Sea,SG10,Complete,Delivered,Y,Y,Y,Y,Y,Y,N,Y,Y,98.5,True,True,True,True,True,True,False,True
SHP-700340,CTR-2025340,SO-500340,Sea,SG9,In Progress,Delivered,N,Y,N,Y,Y,Y,Y,Y,Y,73.5,False,True,False,True,True,True,True,True
SHP-700341,CTR-2025341,SO-500341,Sea,SG9,In Progress,Delivered,Y,Y,Y,Y,Y,N,Y,N,Y,94.3,True,True,True,True,True,False,True,False
SHP-700342,CTR-2025342,SO-500342,Sea,SG10,Complete,Delivered,Y,Y,Y,Y,Y,Y,Y,Y,Y,88.2,True,True,True,True,True,True,True,True
SHP-700343,CTR-2025343,SO-500343,Sea,SG10,Complete,Open,Y,Y,Y,Y,Y,Y,Y,Y,Y,77.0,True,True,True,True,True,True,True,True
SHP-700344,CTR-2025344,SO-500344,Sea,SG7,In Progress,Open,N,Y,Y,Y,Y,Y,N,Y,Y,83.9,False,True,True,True,True,True,False,True
SHP-700345,CTR-2025345,SO-500345,Sea,SG4,In Progress,Delivered,N,N,Y,N,N,Y,Y,N,Y,85.0,False,False,True,False,False,True,True,False
SHP-700346,CTR-2025346,SO-500346,Sea,SG6,In Progress,Open,Y,Y,Y,N,N,N,Y,N,Y,87.3,True,True,True,False,False,False,True,False
SHP-700347,CTR-2025347,SO-500347,Sea,SG9,In Progress,Cancelled,Y,Y,N,N,Y,Y,Y,N,Y,86.6,True,True,False,False,True,True,True,False
SHP-700348,CTR-2025348,SO-500348,Sea,SG7,In Progress,Cancelled,Y,N,Y,Y,Y,Y,Y,N,Y,75.4,True,False,True,True,True,True,True,False
SHP-700349,CTR-2025349,SO-500349,Sea,SG5,In Progress,Delivered,N,Y,Y,Y,N,N,Y,Y,Y,75.8,False,True,True,True,False,False,True,True
SHP-700350,CTR-2025350,SO-500350,Land,SG6,In Progress,Open,Y,Y,N,N,N/A,Y,Y,Y,Y,83.1,True,True,False,False,False,True,True,True
SHP-700351,CTR-2025351,SO-500351,Land,SG9,In Progress,Open,Y,Y,N,Y,N/A,Y,N,N,Y,97.8,True,True,False,True,False,True,False,False
SHP-700352,CTR-2025352,SO-500352,Sea,SG10,Complete,Delivered,Y,Y,Y,Y,Y,Y,Y,N,Y,93.5,True,True,True,True,True,True,True,False
SHP-700353,CTR-2025353,SO-500353,Sea,SG7,In Progress,Cancelled,Y,Y,Y,N,Y,Y,Y,N,Y,93.1,True,True,True,False,True,True,True,False
SHP-700354,CTR-2025354,SO-500354,Sea,SG10,Complete,Open,Y,Y,Y,Y,Y,Y,Y,N,Y,98.4,True,True,True,True,True,True,True,False
SHP-700355,CTR-2025355,SO-500355,Sea,SG10,Complete,Delivered,Y,Y,Y,Y,Y,Y,Y,N,Y,93.7,True,True,True,True,True,True,True,False
SHP-700356,CTR-2025356,SO-500356,Sea,SG8,In Progress,Delivered,Y,N,N,Y,Y,Y,Y,N,Y,86.0,True,False,False,True,True,True,True,False
SHP-700357,CTR-2025357,SO-500357,Sea,SG8,In Progress,Open,Y,N,Y,N,Y,Y,Y,N,Y,95.7,True,False,True,False,True,True,True,False
SHP-700358,CTR-2025358,SO-500358,Sea,SG8,In Progress,Delivered,Y,Y,Y,Y,N,Y,Y,N,Y,81.7,True,True,True,True,False,True,True,False
SHP-700359,CTR-2025359,SO-500359,Sea,SG9,In Progress,Cancelled,Y,Y,Y,Y,N,Y,Y,N,Y,92.0,True,True,True,True,False,True,True,False
SHP-700360,CTR-2025360,SO-500360,Sea,SG7,In Progress,Delivered,N,Y,Y,Y,Y,Y,Y,Y,Y,93.5,False,True,True,True,True,True,True,True
SHP-700361,CTR-2025361,SO-500361,Sea,SG6,In Progress,Delivered,Y,Y,N,Y,Y,Y,Y,N,Y,85.9,True,True,False,True,True,True,True,False
SHP-700362,CTR-2025362,SO-500362,Land,SG7,In Progress,Delivered,Y,N,Y,Y,N/A,Y,N,Y,Y,87.8,True,False,True,True,False,True,False,True
SHP-700363,CTR-2025363,SO-500363,Sea,SG7,In Progress,Delivered,Y,N,N,Y,Y,Y,Y,N,Y,86.1,True,False,False,True,True,True,True,False
SHP-700364,CTR-2025364,SO-500364,Sea,SG8,In Progress,Cancelled,Y,N,Y,Y,N,Y,Y,Y,Y,93.9,True,False,True,True,False,True,True,True
SHP-700365,CTR-2025365,SO-500365,Sea,SG6,In Progress,Cancelled,Y,Y,Y,N,Y,Y,Y,N,Y,78.7,True,True,True,False,True,True,True,False
SHP-700366,CTR-2025366,SO-500366,Sea,SG9,In Progress,Delivered,Y,Y,Y,Y,Y,N,N,N,Y,76.6,True,True,True,True,True,False,False,False
SHP-700367,CTR-2025367,SO-500367,Sea,SG9,In Progress,Cancelled,Y,N,Y,Y,Y,Y,Y,N,Y,90.1,True,False,True,True,True,True,True,False
SHP-700368,CTR-2025368,SO-500368,Sea,SG8,In Progress,Cancelled,Y,Y,Y,Y,N,Y,Y,N,Y,89.9,True,True,True,True,False,True,True,False
SHP-700369,CTR-2025369,SO-500369,Sea,SG10,Complete,Delivered,Y,Y,Y,Y,Y,Y,N,Y,Y,78.2,True,True,True,True,True,True,False,True
SHP-700370,CTR-2025370,SO-500370,Sea,SG9,In Progress,Cancelled,Y,Y,N,Y,N,Y,Y,N,Y,78.5,True,True,False,True,False,True,True,False
SHP-700371,CTR-2025371,SO-500371,Sea,SG7,In Progress,Delivered,Y,Y,Y,Y,Y,N,Y,Y,Y,97.2,True,True,True,True,True,False,True,True
SHP-700372,CTR-2025372,SO-500372,Sea,SG10,Complete,Cancelled,Y,Y,Y,Y,Y,Y,Y,N,Y,90.1,True,True,True,True,True,True,True,False
SHP-700373,CTR-2025373,SO-500373,Sea,SG8,In Progress,Delivered,Y,Y,Y,Y,N,Y,Y,N,Y,92.1,True,True,True,True,False,True,True,False
SHP-700374,CTR-2025374,SO-500374,Sea,SG6,In Progress,Delivered,Y,Y,Y,Y,N,Y,Y,Y,Y,92.3,True,True,True,True,False,True,True,True
SHP-700375,CTR-2025375,SO-500375,Land,SG10,Complete,Delivered,Y,Y,Y,Y,N/A,Y,Y,N,Y,73.7,True,True,True,True,False,True,True,False
SHP-700376,CTR-2025376,SO-500376,Sea,SG4,In Progress,Open,Y,N,Y,Y,N,N,Y,Y,Y,95.2,True,False,True,True,False,False,True,True
SHP-700377,CTR-2025377,SO-500377,Sea,SG6,In Progress,Delivered,Y,Y,Y,Y,N,Y,Y,Y,Y,85.5,True,True,True,True,False,True,True,True
SHP-700378,CTR-2025378,SO-500378,Sea,SG6,In Progress,Delivered,Y,Y,Y,Y,N,Y,Y,Y,Y,97.7,True,True,True,True,False,True,True,True
SHP-700379,CTR-2025379,SO-500379,Sea,SG7,In Progress,Delivered,Y,Y,Y,Y,Y,N,Y,N,Y,75.6,True,True,True,True,True,False,True,False
SHP-700380,CTR-2025380,SO-500380,Sea,SG10,Complete,Cancelled,Y,Y,Y,Y,Y,Y,N,N,Y,91.4,True,True,True,True,True,True,False,False
SHP-700381,CTR-2025381,SO-500381,Sea,SG10,Complete,Delivered,Y,Y,Y,Y,Y,Y,Y,N,Y,91.5,True,True,True,True,True,True,True,False
SHP-700382,CTR-2025382,SO-500382,Sea,SG10,Complete,Open,Y,Y,Y,Y,Y,Y,Y,Y,Y,94.6,True,True,True,True,True,True,True,True
SHP-700383,CTR-2025383,SO-500383,Sea,SG10,Complete,Delivered,Y,Y,Y,Y,Y,Y,Y,N,Y,95.9,True,True,True,True,True,True,True,False
SHP-700384,CTR-2025384,SO-500384,Sea,SG6,In Progress,Open,N,Y,Y,Y,Y,Y,Y,N,Y,80.1,False,True,True,True,True,True,True,False
SHP-700385,CTR-2025385,SO-500385,Sea,SG8,In Progress,Delivered,Y,Y,N,Y,N,Y,Y,Y,Y,81.6,True,True,False,True,False,True,True,True
SHP-700386,CTR-2025386,SO-500386,Sea,SG10,Complete,Delivered,Y,Y,Y,Y,Y,Y,Y,N,Y,98.5,True,True,True,True,True,True,True,False
SHP-700387,CTR-2025387,SO-500387,Sea,SG8,In Progress,Delivered,Y,N,Y,Y,Y,Y,Y,N,Y,77.3,True,False,True,True,True,True,True,False
SHP-700388,CTR-2025388,SO-500388,Sea,SG10,Complete,Open,Y,Y,Y,Y,Y,Y,Y,Y,Y,80.7,True,True,True,True,True,True,True,True
SHP-700389,CTR-2025389,SO-500389,Sea,SG10,Complete,Open,Y,Y,Y,Y,Y,Y,Y,N,Y,83.3,True,True,True,True,True,True,True,False
SHP-700390,CTR-2025390,SO-500390,Sea,SG7,In Progress,Delivered,Y,N,Y,Y,Y,Y,Y,N,Y,73.8,True,False,True,True,True,True,True,False
SHP-700391,CTR-2025391,SO-500391,Sea,SG9,In Progress,Open,Y,Y,N,Y,Y,Y,Y,N,Y,88.8,True,True,False,True,True,True,True,False
SHP-700392,CTR-2025392,SO-500392,Sea,SG6,In Progress,Delivered,Y,N,Y,Y,N,Y,Y,N,Y,73.1,True,False,True,True,False,True,True,False
SHP-700393,CTR-2025393,SO-500393,Sea,SG7,In Progress,Delivered,Y,Y,Y,Y,Y,N,Y,N,Y,95.4,True,True,True,True,True,False,True,False
SHP-700394,CTR-2025394,SO-500394,Sea,SG6,In Progress,Delivered,N,Y,Y,Y,Y,N,Y,Y,Y,78.7,False,True,True,True,True,False,True,True
SHP-700395,CTR-2025395,SO-500395,Sea,SG7,In Progress,Cancelled,Y,Y,N,Y,Y,Y,N,N,Y,82.9,True,True,False,True,True,True,False,False
SHP-700396,CTR-2025396,SO-500396,Sea,SG6,In Progress,Cancelled,Y,Y,Y,N,Y,Y,Y,N,Y,78.3,True,True,True,False,True,True,True,False
SHP-700397,CTR-2025397,SO-500397,Sea,SG9,In Progress,Open,N,N,Y,Y,Y,Y,Y,N,Y,96.4,False,False,True,True,True,True,True,False
SHP-700398,CTR-2025398,SO-500398,Sea,SG7,In Progress,Delivered,Y,Y,Y,N,N,Y,Y,N,Y,80.7,True,True,True,False,False,True,True,False
SHP-700399,CTR-2025399,SO-500399,Sea,SG5,In Progress,Cancelled,N,Y,Y,N,N,Y,Y,N,Y,77.1,False,True,True,False,False,True,True,False
SHP-700400,CTR-2025400,SO-500400,Sea,SG9,In Progress,Delivered,Y,Y,Y,Y,N,Y,Y,Y,Y,95.1,True,True,True,True,False,True,True,True
SHP-700401,CTR-2025401,SO-500401,Sea,SG8,In Progress,Open,N,Y,Y,Y,Y,Y,Y,Y,Y,77.4,False,True,True,True,True,True,True,True
SHP-700402,CTR-2025402,SO-500402,Sea,SG10,Complete,Cancelled,Y,Y,Y,Y,Y,Y,Y,N,Y,76.5,True,True,True,True,True,True,True,False
SHP-700403,CTR-2025403,SO-500403,Sea,SG10,Complete,Delivered,Y,Y,Y,Y,Y,Y,Y,N,Y,74.4,True,True,True,True,True,True,True,False
SHP-700404,CTR-2025404,SO-500404,Sea,SG9,In Progress,Delivered,Y,Y,Y,Y,N,Y,Y,Y,Y,73.2,True,True,True,True,False,True,True,True
SHP-700405,CTR-2025405,SO-500405,Sea,SG8,In Progress,Delivered,N,Y,N,Y,Y,Y,Y,N,Y,82.3,False,True,False,True,True,True,True,False
SHP-700406,CTR-2025406,SO-500406,Sea,SG9,In Progress,Cancelled,Y,Y,Y,N,Y,Y,Y,Y,Y,96.0,True,True,True,False,True,True,True,True
SHP-700407,CTR-2025407,SO-500407,Sea,SG6,In Progress,Delivered,Y,Y,Y,Y,N,Y,Y,Y,Y,76.0,True,True,True,True,False,True,True,True
SHP-700408,CTR-2025408,SO-500408,Sea,SG8,In Progress,Delivered,Y,Y,N,N,Y,Y,Y,N,Y,89.4,True,True,False,False,True,True,True,False
SHP-700409,CTR-2025409,SO-500409,Sea,SG10,Complete,Open,Y,Y,Y,Y,Y,Y,Y,N,Y,76.9,True,True,True,True,True,True,True,False
SHP-700410,CTR-2025410,SO-500410,Sea,SG6,In Progress,Delivered,N,Y,Y,N,Y,Y,Y,Y,Y,73.5,False,True,True,False,True,True,True,True
SHP-700411,CTR-2025411,SO-500411,Sea,SG7,In Progress,Cancelled,Y,Y,N,N,Y,Y,N,N,Y,96.6,True,True,False,False,True,True,False,False
SHP-700412,CTR-2025412,SO-500412,Sea,SG6,In Progress,Delivered,N,Y,Y,Y,N,Y,Y,N,Y,77.6,False,True,True,True,False,True,True,False
SHP-700413,CTR-2025413,SO-500413,Sea,SG8,In Progress,Cancelled,Y,Y,Y,Y,Y,N,Y,N,Y,96.7,True,True,True,True,True,False,True,False
SHP-700414,CTR-2025414,SO-500414,Sea,SG10,Complete,Delivered,Y,Y,Y,Y,Y,Y,Y,Y,Y,95.8,True,True,True,True,True,True,True,True
SHP-700415,CTR-2025415,SO-500415,Sea,SG9,In Progress,Delivered,N,Y,Y,Y,Y,Y,Y,Y,Y,81.2,False,True,True,True,True,True,True,True
SHP-700416,CTR-2025416,SO-500416,Sea,SG10,Complete,Open,Y,Y,Y,Y,Y,Y,Y,N,Y,93.9,True,True,True,True,True,True,True,False
SHP-700417,CTR-2025417,SO-500417,Sea,SG10,Complete,Cancelled,Y,Y,Y,Y,Y,Y,Y,Y,Y,92.0,True,True,True,True,True,True,True,True
SHP-700418,CTR-2025418,SO-500418,Sea,SG6,In Progress,Delivered,Y,Y,N,Y,Y,Y,Y,Y,Y,92.2,True,True,False,True,True,True,True,True
SHP-700419,CTR-2025419,SO-500419,Sea,SG9,In Progress,Cancelled,Y,Y,Y,Y,N,N,Y,N,Y,92.2,True,True,True,True,False,False,True,False
