shipment_id,contract_ref,freight_cost_usd_per_mt,port_cost_usd_per_mt,documentation_cost_usd,forwarding_agent,discharge_country,fta_scheme,standard_duty_rate_pct,preferential_duty_rate_pct
SHP-700000,CTR-2025000,53.13,7.82,549.34,Agent Alpha Logistics,Pakistan,MPCEPA-like,8.7,3.4
SHP-700001,CTR-2025001,83.11,6.02,567.11,Agent Gamma Shipping,Turkey,,10.4,10.4
SHP-700002,CTR-2025002,87.53,7.58,275.41,Agent Alpha Logistics,USA,,8.4,8.4
SHP-700003,CTR-2025003,87.33,4.29,275.55,Agent Alpha Logistics,China,ACFTA,10.0,3.4
SHP-700004,CTR-2025004,51.32,11.99,410.34,Agent Alpha Logistics,Egypt,,3.7,3.7
SHP-700005,CTR-2025005,30.37,4.39,379.71,Agent Gamma Shipping,Sri Lanka,,8.3,8.3
SHP-700006,CTR-2025006,41.82,5.85,286.45,Agent Beta Freight,Nigeria,,4.0,4.0
SHP-700007,CTR-2025007,87.83,11.5,559.32,Agent Beta Freight,India,AIFTA,7.0,3.4
SHP-700008,CTR-2025008,25.4,10.3,191.1,Agent Alpha Logistics,Turkey,,14.4,14.4
SHP-700009,CTR-2025009,35.49,11.65,156.39,Agent Alpha Logistics,USA,,9.5,9.5
SHP-700010,CTR-2025010,41.75,7.05,597.94,Agent Beta Freight,Malaysia,Domestic,11.3,6.4
SHP-700011,CTR-2025011,43.69,7.84,332.54,Agent Gamma Shipping,Saudi Arabia,,9.4,9.4
SHP-700012,CTR-2025012,36.0,11.8,374.25,Agent Alpha Logistics,USA,,13.2,13.2
SHP-700013,CTR-2025013,64.21,5.05,462.74,Agent Beta Freight,Egypt,,9.5,9.5
SHP-700014,CTR-2025014,58.49,11.91,316.94,Agent Alpha Logistics,Turkey,,10.3,10.3
SHP-700015,CTR-2025015,75.19,4.53,306.13,Agent Alpha Logistics,Egypt,,7.6,7.6
SHP-700016,CTR-2025016,53.07,10.04,409.42,Agent Alpha Logistics,Singapore,AFTA,8.8,5.3
SHP-700017,CTR-2025017,47.23,10.29,377.03,Agent Gamma Shipping,Singapore,AFTA,5.9,1.8
SHP-700018,CTR-2025018,41.96,3.08,350.48,Agent Gamma Shipping,China,ACFTA,10.8,4.9
SHP-700019,CTR-2025019,87.85,8.14,212.75,Agent Beta Freight,Nigeria,,13.4,13.4
SHP-700020,CTR-2025020,62.0,10.81,473.11,Agent Gamma Shipping,Turkey,,10.0,10.0
SHP-700021,CTR-2025021,49.18,3.83,540.18,Agent Gamma Shipping,China,ACFTA,8.5,3.4
SHP-700022,CTR-2025022,40.86,11.7,306.62,Agent Alpha Logistics,Pakistan,MPCEPA-like,14.5,4.7
SHP-700023,CTR-2025023,83.21,11.7,294.45,Agent Beta Freight,Turkey,,8.3,8.3
SHP-700024,CTR-2025024,59.2,9.19,173.25,Agent Alpha Logistics,India,AIFTA,6.3,3.6
SHP-700025,CTR-2025025,28.2,6.48,370.96,Agent Alpha Logistics,China,ACFTA,7.2,2.6
SHP-700026,CTR-2025026,45.85,4.73,335.0,Agent Alpha Logistics,China,ACFTA,6.7,4.6
SHP-700027,CTR-2025027,53.91,8.19,456.58,Agent Beta Freight,Malaysia,Domestic,14.8,4.7
SHP-700028,CTR-2025028,71.54,8.47,454.59,Agent Alpha Logistics,Bangladesh,,4.1,4.1
SHP-700029,CTR-2025029,29.17,8.37,528.73,Agent Gamma Shipping,India,AIFTA,11.9,3.6
SHP-700030,CTR-2025030,26.97,10.59,210.2,Agent Gamma Shipping,Singapore,AFTA,8.5,2.6
SHP-700031,CTR-2025031,86.96,3.65,429.11,Agent Beta Freight,China,ACFTA,5.4,2.0
SHP-700032,CTR-2025032,60.41,4.13,246.09,Agent Gamma Shipping,Netherlands,EU MFN,6.5,2.1
SHP-700033,CTR-2025033,51.72,9.34,315.01,Agent Alpha Logistics,Saudi Arabia,,5.6,5.6
SHP-700034,CTR-2025034,50.41,11.79,258.75,Agent Alpha Logistics,India,AIFTA,14.5,8.7
SHP-700035,CTR-2025035,29.42,5.85,499.98,Agent Beta Freight,Malaysia,Domestic,6.2,2.8
SHP-700036,CTR-2025036,80.79,10.6,459.26,Agent Gamma Shipping,USA,,7.3,7.3
SHP-700037,CTR-2025037,45.33,3.55,334.13,Agent Alpha Logistics,China,ACFTA,11.4,2.3
SHP-700038,CTR-2025038,46.41,9.24,515.23,Agent Gamma Shipping,Pakistan,MPCEPA-like,12.2,4.3
SHP-700039,CTR-2025039,44.1,7.02,461.81,Agent Gamma Shipping,Saudi Arabia,,11.7,11.7
SHP-700040,CTR-2025040,89.18,5.03,424.36,Agent Alpha Logistics,Nigeria,,10.9,10.9
SHP-700041,CTR-2025041,84.48,4.41,405.72,Agent Alpha Logistics,USA,,12.0,12.0
SHP-700042,CTR-2025042,42.85,7.27,550.05,Agent Beta Freight,China,ACFTA,7.0,3.4
SHP-700043,CTR-2025043,62.0,8.69,254.79,Agent Alpha Logistics,Netherlands,EU MFN,9.2,2.1
SHP-700044,CTR-2025044,56.98,5.79,295.26,Agent Beta Freight,Singapore,AFTA,5.2,2.4
SHP-700045,CTR-2025045,41.78,7.18,567.49,Agent Gamma Shipping,USA,,4.6,4.6
SHP-700046,CTR-2025046,81.4,9.37,513.58,Agent Gamma Shipping,China,ACFTA,4.3,2.5
SHP-700047,CTR-2025047,74.9,4.03,409.81,Agent Beta Freight,China,ACFTA,10.7,6.6
SHP-700048,CTR-2025048,67.02,7.13,437.53,Agent Beta Freight,India,AIFTA,9.3,2.0
SHP-700049,CTR-2025049,30.29,6.92,210.04,Agent Gamma Shipping,China,ACFTA,6.5,3.1
SHP-700050,CTR-2025050,69.96,10.16,215.48,Agent Alpha Logistics,China,ACFTA,5.0,1.3
SHP-700051,CTR-2025051,82.01,7.75,198.02,Agent Alpha Logistics,USA,,8.6,8.6
SHP-700052,CTR-2025052,67.22,10.81,431.72,Agent Gamma Shipping,Sri Lanka,,12.9,12.9
SHP-700053,CTR-2025053,29.89,4.01,265.87,Agent Beta Freight,Sri Lanka,,3.6,3.6
SHP-700054,CTR-2025054,33.82,5.34,424.67,Agent Beta Freight,India,AIFTA,7.6,5.1
SHP-700055,CTR-2025055,79.27,9.39,481.16,Agent Gamma Shipping,USA,,4.4,4.4
SHP-700056,CTR-2025056,42.88,8.75,268.6,Agent Alpha Logistics,Malaysia,Domestic,7.1,5.0
SHP-700057,CTR-2025057,43.14,11.38,463.51,Agent Beta Freight,Turkey,,3.3,3.3
SHP-700058,CTR-2025058,72.15,10.53,589.02,Agent Alpha Logistics,Egypt,,14.7,14.7
SHP-700059,CTR-2025059,29.24,10.4,441.3,Agent Beta Freight,Nigeria,,10.8,10.8
SHP-700060,CTR-2025060,33.34,8.85,560.32,Agent Gamma Shipping,Egypt,,14.8,14.8
SHP-700061,CTR-2025061,53.54,3.36,465.67,Agent Beta Freight,Pakistan,MPCEPA-like,7.3,4.5
SHP-700062,CTR-2025062,54.86,3.5,361.06,Agent Gamma Shipping,Turkey,,8.1,8.1
SHP-700063,CTR-2025063,85.36,8.77,386.39,Agent Beta Freight,Saudi Arabia,,6.7,6.7
SHP-700064,CTR-2025064,29.29,11.75,309.88,Agent Gamma Shipping,Malaysia,Domestic,7.3,3.2
SHP-700065,CTR-2025065,69.36,8.96,292.05,Agent Gamma Shipping,India,AIFTA,11.6,3.9
SHP-700066,CTR-2025066,33.14,8.9,541.36,Agent Beta Freight,China,ACFTA,3.5,1.7
SHP-700067,CTR-2025067,82.9,7.04,451.84,Agent Alpha Logistics,Netherlands,EU MFN,8.5,2.0
SHP-700068,CTR-2025068,78.38,5.2,544.7,Agent Gamma Shipping,Singapore,AFTA,8.1,5.0
SHP-700069,CTR-2025069,40.81,7.96,195.85,Agent Alpha Logistics,Sri Lanka,,5.3,5.3
SHP-700070,CTR-2025070,84.22,10.38,529.68,Agent Gamma Shipping,India,AIFTA,12.1,2.7
SHP-700071,CTR-2025071,53.47,6.08,191.11,Agent Beta Freight,Turkey,,9.6,9.6
SHP-700072,CTR-2025072,74.18,8.24,234.7,Agent Beta Freight,Nigeria,,5.2,5.2
SHP-700073,CTR-2025073,36.98,3.51,157.87,Agent Gamma Shipping,China,ACFTA,10.1,6.3
SHP-700074,CTR-2025074,28.19,8.15,297.03,Agent Beta Freight,Turkey,,12.8,12.8
SHP-700075,CTR-2025075,47.72,8.37,480.85,Agent Beta Freight,China,ACFTA,6.3,1.3
SHP-700076,CTR-2025076,65.67,8.23,242.65,Agent Gamma Shipping,China,ACFTA,11.9,6.4
SHP-700077,CTR-2025077,47.91,4.13,536.37,Agent Gamma Shipping,China,ACFTA,4.6,2.5
SHP-700078,CTR-2025078,87.58,8.66,197.54,Agent Alpha Logistics,Saudi Arabia,,5.2,5.2
SHP-700079,CTR-2025079,77.84,8.21,466.47,Agent Alpha Logistics,Malaysia,Domestic,10.4,6.1
SHP-700080,CTR-2025080,79.24,3.51,532.88,Agent Gamma Shipping,Egypt,,12.0,12.0
SHP-700081,CTR-2025081,43.6,8.76,165.04,Agent Alpha Logistics,India,AIFTA,6.8,4.6
SHP-700082,CTR-2025082,62.69,4.5,229.15,Agent Beta Freight,USA,,11.5,11.5
SHP-700083,CTR-2025083,40.3,7.45,214.91,Agent Beta Freight,China,ACFTA,14.0,4.3
SHP-700084,CTR-2025084,74.33,7.51,440.67,Agent Beta Freight,India,AIFTA,13.9,3.8
SHP-700085,CTR-2025085,40.14,4.41,489.67,Agent Gamma Shipping,Pakistan,MPCEPA-like,11.2,5.6
SHP-700086,CTR-2025086,45.12,7.03,592.84,Agent Beta Freight,Sri Lanka,,7.9,7.9
SHP-700087,CTR-2025087,44.0,5.65,263.55,Agent Beta Freight,Pakistan,MPCEPA-like,7.3,3.5
SHP-700088,CTR-2025088,84.49,5.39,445.45,Agent Alpha Logistics,China,ACFTA,13.7,3.4
SHP-700089,CTR-2025089,83.95,4.52,353.8,Agent Gamma Shipping,Nigeria,,14.6,14.6
SHP-700090,CTR-2025090,86.47,9.09,286.68,Agent Gamma Shipping,China,ACFTA,6.6,1.9
SHP-700091,CTR-2025091,31.05,4.29,508.01,Agent Beta Freight,China,ACFTA,4.3,1.8
SHP-700092,CTR-2025092,34.19,4.17,193.92,Agent Gamma Shipping,Malaysia,Domestic,10.7,3.2
SHP-700093,CTR-2025093,35.85,11.31,445.12,Agent Alpha Logistics,Pakistan,MPCEPA-like,12.9,4.9
SHP-700094,CTR-2025094,59.92,9.09,269.75,Agent Alpha Logistics,Singapore,AFTA,11.2,5.8
SHP-700095,CTR-2025095,27.54,7.1,524.58,Agent Gamma Shipping,Netherlands,EU MFN,13.7,6.6
SHP-700096,CTR-2025096,89.46,4.47,453.43,Agent Beta Freight,USA,,11.3,11.3
SHP-700097,CTR-2025097,88.7,11.87,259.63,Agent Gamma Shipping,Saudi Arabia,,11.2,11.2
SHP-700098,CTR-2025098,76.91,3.96,322.28,Agent Alpha Logistics,Singapore,AFTA,12.4,8.1
SHP-700099,CTR-2025099,65.99,6.87,492.96,Agent Beta Freight,India,AIFTA,8.3,2.9
SHP-700100,CTR-2025100,85.85,11.47,543.63,Agent Gamma Shipping,Sri Lanka,,5.1,5.1
SHP-700101,CTR-2025101,72.93,5.28,270.6,Agent Alpha Logistics,Saudi Arabia,,3.8,3.8
SHP-700102,CTR-2025102,84.29,8.7,473.72,Agent Gamma Shipping,Pakistan,MPCEPA-like,11.7,3.8
SHP-700103,CTR-2025103,26.83,6.38,215.74,Agent Gamma Shipping,Bangladesh,,10.5,10.5
SHP-700104,CTR-2025104,78.5,5.12,418.22,Agent Beta Freight,Netherlands,EU MFN,10.8,4.3
SHP-700105,CTR-2025105,31.98,3.15,518.85,Agent Alpha Logistics,Netherlands,EU MFN,13.9,4.7
SHP-700106,CTR-2025106,89.96,4.9,448.29,Agent Gamma Shipping,Turkey,,6.2,6.2
SHP-700107,CTR-2025107,87.75,11.24,211.09,Agent Gamma Shipping,India,AIFTA,9.0,5.4
SHP-700108,CTR-2025108,88.53,11.68,284.74,Agent Beta Freight,Bangladesh,,5.0,5.0
SHP-700109,CTR-2025109,31.51,5.45,189.78,Agent Gamma Shipping,Singapore,AFTA,12.8,5.0
SHP-700110,CTR-2025110,47.24,11.83,337.27,Agent Alpha Logistics,Sri Lanka,,10.6,10.6
SHP-700111,CTR-2025111,35.83,11.88,276.66,Agent Gamma Shipping,Saudi Arabia,,12.9,12.9
SHP-700112,CTR-2025112,29.55,3.51,411.35,Agent Beta Freight,Bangladesh,,4.4,4.4
SHP-700113,CTR-2025113,85.37,7.47,468.86,Agent Beta Freight,Malaysia,Domestic,13.1,5.5
SHP-700114,CTR-2025114,72.57,4.57,181.81,Agent Beta Freight,Netherlands,EU MFN,7.3,3.8
SHP-700115,CTR-2025115,48.5,7.81,363.54,Agent Gamma Shipping,Saudi Arabia,,15.0,15.0
SHP-700116,CTR-2025116,78.04,6.89,548.97,Agent Beta Freight,Pakistan,MPCEPA-like,12.6,6.3
SHP-700117,CTR-2025117,51.71,8.44,337.82,Agent Alpha Logistics,Nigeria,,10.6,10.6
SHP-700118,CTR-2025118,34.38,3.84,256.41,Agent Alpha Logistics,India,AIFTA,3.2,2.0
SHP-700119,CTR-2025119,38.75,9.62,223.13,Agent Gamma Shipping,Pakistan,MPCEPA-like,6.8,3.1
SHP-700120,CTR-2025120,87.38,10.66,493.06,Agent Gamma Shipping,China,ACFTA,13.4,5.4
SHP-700121,CTR-2025121,34.35,3.08,354.93,Agent Alpha Logistics,Singapore,AFTA,3.2,1.6
SHP-700122,CTR-2025122,58.67,3.07,349.21,Agent Alpha Logistics,Netherlands,EU MFN,8.1,4.5
SHP-700123,CTR-2025123,72.59,5.1,244.84,Agent Alpha Logistics,Malaysia,Domestic,12.8,6.3
SHP-700124,CTR-2025124,40.39,8.65,337.03,Agent Alpha Logistics,USA,,13.0,13.0
SHP-700125,CTR-2025125,41.79,10.8,351.64,Agent Alpha Logistics,USA,,11.0,11.0
SHP-700126,CTR-2025126,56.71,4.84,311.43,Agent Alpha Logistics,Nigeria,,10.5,10.5
SHP-700127,CTR-2025127,89.72,7.32,404.63,Agent Alpha Logistics,Nigeria,,8.8,8.8
SHP-700128,CTR-2025128,84.59,10.21,473.41,Agent Beta Freight,Bangladesh,,8.4,8.4
SHP-700129,CTR-2025129,63.11,7.43,358.77,Agent Alpha Logistics,USA,,5.3,5.3
SHP-700130,CTR-2025130,40.98,11.23,389.87,Agent Alpha Logistics,China,ACFTA,7.0,4.7
SHP-700131,CTR-2025131,66.05,7.89,194.62,Agent Alpha Logistics,Pakistan,MPCEPA-like,4.6,1.8
SHP-700132,CTR-2025132,65.49,7.02,249.21,Agent Gamma Shipping,Turkey,,12.3,12.3
SHP-700133,CTR-2025133,35.7,6.66,338.52,Agent Gamma Shipping,Netherlands,EU MFN,14.1,7.8
SHP-700134,CTR-2025134,58.62,3.76,449.88,Agent Beta Freight,USA,,14.8,14.8
SHP-700135,CTR-2025135,43.55,8.27,228.65,Agent Gamma Shipping,China,ACFTA,4.3,2.9
SHP-700136,CTR-2025136,67.12,5.21,453.04,Agent Beta Freight,Malaysia,Domestic,11.6,6.8
SHP-700137,CTR-2025137,64.94,11.03,261.73,Agent Gamma Shipping,Malaysia,Domestic,3.9,1.4
SHP-700138,CTR-2025138,89.22,6.5,458.13,Agent Gamma Shipping,USA,,11.8,11.8
SHP-700139,CTR-2025139,38.79,5.15,255.45,Agent Gamma Shipping,India,AIFTA,6.4,2.6
SHP-700140,CTR-2025140,26.28,10.91,302.33,Agent Gamma Shipping,China,ACFTA,14.6,5.4
SHP-700141,CTR-2025141,25.46,9.12,221.85,Agent Beta Freight,India,AIFTA,12.9,3.5
SHP-700142,CTR-2025142,76.36,8.55,430.15,Agent Alpha Logistics,USA,,3.5,3.5
SHP-700143,CTR-2025143,45.08,6.32,330.16,Agent Beta Freight,Malaysia,Domestic,12.2,7.4
SHP-700144,CTR-2025144,86.56,6.66,553.89,Agent Alpha Logistics,China,ACFTA,12.3,5.4
SHP-700145,CTR-2025145,84.0,3.79,506.09,Agent Gamma Shipping,Malaysia,Domestic,14.2,8.7
SHP-700146,CTR-2025146,38.06,10.25,280.12,Agent Gamma Shipping,Sri Lanka,,13.2,13.2
SHP-700147,CTR-2025147,86.9,3.45,391.91,Agent Alpha Logistics,USA,,4.8,4.8
SHP-700148,CTR-2025148,62.43,8.81,170.06,Agent Alpha Logistics,India,AIFTA,3.2,2.2
SHP-700149,CTR-2025149,34.3,3.13,449.68,Agent Alpha Logistics,China,ACFTA,9.8,6.5
SHP-700150,CTR-2025150,78.47,3.12,356.8,Agent Gamma Shipping,Nigeria,,9.5,9.5
SHP-700151,CTR-2025151,57.43,3.65,494.32,Agent Beta Freight,Malaysia,Domestic,11.2,5.1
SHP-700152,CTR-2025152,56.54,4.34,227.57,Agent Alpha Logistics,Nigeria,,10.8,10.8
SHP-700153,CTR-2025153,81.71,8.52,583.05,Agent Beta Freight,Turkey,,4.9,4.9
SHP-700154,CTR-2025154,58.69,3.66,511.66,Agent Gamma Shipping,China,ACFTA,10.5,3.4
SHP-700155,CTR-2025155,78.16,11.81,489.06,Agent Alpha Logistics,China,ACFTA,9.0,3.8
SHP-700156,CTR-2025156,33.61,7.92,190.26,Agent Beta Freight,Turkey,,9.6,9.6
SHP-700157,CTR-2025157,52.17,10.68,190.82,Agent Gamma Shipping,Malaysia,Domestic,13.3,3.3
SHP-700158,CTR-2025158,42.08,10.87,195.52,Agent Gamma Shipping,Pakistan,MPCEPA-like,4.5,2.5
SHP-700159,CTR-2025159,65.5,6.2,437.64,Agent Beta Freight,China,ACFTA,12.5,4.0
SHP-700160,CTR-2025160,40.32,9.42,539.97,Agent Beta Freight,China,ACFTA,13.5,3.6
SHP-700161,CTR-2025161,63.58,4.14,465.16,Agent Gamma Shipping,Malaysia,Domestic,8.1,2.3
SHP-700162,CTR-2025162,74.33,3.95,571.27,Agent Alpha Logistics,Netherlands,EU MFN,9.1,5.5
SHP-700163,CTR-2025163,58.38,11.55,531.69,Agent Gamma Shipping,Pakistan,MPCEPA-like,9.4,3.7
SHP-700164,CTR-2025164,57.04,7.25,524.37,Agent Beta Freight,Malaysia,Domestic,8.9,5.5
SHP-700165,CTR-2025165,51.23,6.0,257.25,Agent Gamma Shipping,Pakistan,MPCEPA-like,8.9,4.3
SHP-700166,CTR-2025166,76.61,7.38,198.07,Agent Alpha Logistics,Nigeria,,7.0,7.0
SHP-700167,CTR-2025167,40.52,11.54,357.3,Agent Gamma Shipping,China,ACFTA,6.7,1.9
SHP-700168,CTR-2025168,44.96,3.32,398.27,Agent Alpha Logistics,India,AIFTA,6.9,3.3
SHP-700169,CTR-2025169,48.18,7.03,266.2,Agent Beta Freight,Netherlands,EU MFN,14.6,5.7
SHP-700170,CTR-2025170,40.83,7.12,242.69,Agent Alpha Logistics,Egypt,,12.1,12.1
SHP-700171,CTR-2025171,71.1,3.19,302.43,Agent Alpha Logistics,India,AIFTA,8.0,4.7
SHP-700172,CTR-2025172,61.64,4.84,173.53,Agent Gamma Shipping,Turkey,,11.9,11.9
SHP-700173,CTR-2025173,80.42,4.78,475.21,Agent Alpha Logistics,China,ACFTA,13.5,5.1
SHP-700174,CTR-2025174,45.75,11.15,371.86,Agent Alpha Logistics,India,AIFTA,4.5,1.3
SHP-700175,CTR-2025175,30.33,4.76,589.42,Agent Gamma Shipping,Bangladesh,,14.3,14.3
SHP-700176,CTR-2025176,49.46,11.31,466.08,Agent Alpha Logistics,Malaysia,Domestic,9.5,3.2
SHP-700177,CTR-2025177,67.83,11.9,173.41,Agent Gamma Shipping,India,AIFTA,6.2,3.3
SHP-700178,CTR-2025178,32.39,3.04,504.03,Agent Beta Freight,India,AIFTA,15.0,9.0
SHP-700179,CTR-2025179,58.13,5.7,319.19,Agent Alpha Logistics,Netherlands,EU MFN,4.8,1.6
SHP-700180,CTR-2025180,74.16,7.86,158.11,Agent Alpha Logistics,Turkey,,3.9,3.9
SHP-700181,CTR-2025181,31.65,6.69,436.83,Agent Gamma Shipping,USA,,14.2,14.2
SHP-700182,CTR-2025182,77.12,7.2,198.78,Agent Gamma Shipping,Sri Lanka,,7.3,7.3
SHP-700183,CTR-2025183,81.94,10.05,380.52,Agent Alpha Logistics,Nigeria,,5.0,5.0
SHP-700184,CTR-2025184,56.68,8.63,410.9,Agent Gamma Shipping,Bangladesh,,14.4,14.4
SHP-700185,CTR-2025185,60.11,3.45,234.31,Agent Gamma Shipping,Nigeria,,3.8,3.8
SHP-700186,CTR-2025186,27.11,9.69,526.24,Agent Alpha Logistics,Pakistan,MPCEPA-like,11.7,3.1
SHP-700187,CTR-2025187,35.06,5.71,264.6,Agent Gamma Shipping,Malaysia,Domestic,6.0,2.3
SHP-700188,CTR-2025188,56.78,6.67,213.98,Agent Gamma Shipping,China,ACFTA,14.8,3.4
SHP-700189,CTR-2025189,28.43,8.63,380.37,Agent Gamma Shipping,India,AIFTA,3.7,2.3
SHP-700190,CTR-2025190,59.26,8.05,238.96,Agent Beta Freight,Bangladesh,,5.0,5.0
SHP-700191,CTR-2025191,45.72,8.34,586.55,Agent Gamma Shipping,China,ACFTA,5.5,1.4
SHP-700192,CTR-2025192,26.43,10.22,283.75,Agent Alpha Logistics,Sri Lanka,,12.5,12.5
SHP-700193,CTR-2025193,33.82,4.31,502.24,Agent Gamma Shipping,India,AIFTA,11.4,5.9
SHP-700194,CTR-2025194,85.94,9.23,259.55,Agent Gamma Shipping,Saudi Arabia,,4.9,4.9
SHP-700195,CTR-2025195,79.74,4.88,331.14,Agent Beta Freight,Singapore,AFTA,3.9,2.2
SHP-700196,CTR-2025196,84.8,8.85,576.54,Agent Gamma Shipping,Sri Lanka,,4.1,4.1
SHP-700197,CTR-2025197,41.81,6.03,173.05,Agent Beta Freight,Bangladesh,,7.8,7.8
SHP-700198,CTR-2025198,57.27,4.11,497.78,Agent Gamma Shipping,China,ACFTA,7.8,2.9
SHP-700199,CTR-2025199,77.21,4.38,218.13,Agent Gamma Shipping,Netherlands,EU MFN,7.4,2.9
SHP-700200,CTR-2025200,76.9,9.37,197.61,Agent Beta Freight,Netherlands,EU MFN,5.3,2.0
SHP-700201,CTR-2025201,65.83,4.09,325.61,Agent Alpha Logistics,China,ACFTA,14.8,8.7
SHP-700202,CTR-2025202,62.61,11.2,228.52,Agent Alpha Logistics,USA,,9.6,9.6
SHP-700203,CTR-2025203,49.62,10.59,540.07,Agent Alpha Logistics,India,AIFTA,10.7,5.6
SHP-700204,CTR-2025204,83.11,11.28,483.23,Agent Gamma Shipping,Singapore,AFTA,4.1,1.9
SHP-700205,CTR-2025205,74.2,8.46,474.05,Agent Beta Freight,Pakistan,MPCEPA-like,5.0,3.0
SHP-700206,CTR-2025206,30.6,7.17,158.14,Agent Gamma Shipping,China,ACFTA,5.1,1.9
SHP-700207,CTR-2025207,51.02,7.95,448.57,Agent Beta Freight,Saudi Arabia,,10.4,10.4
SHP-700208,CTR-2025208,79.36,4.94,220.48,Agent Gamma Shipping,Pakistan,MPCEPA-like,4.4,2.8
SHP-700209,CTR-2025209,88.36,10.58,591.64,Agent Alpha Logistics,Sri Lanka,,9.0,9.0
SHP-700210,CTR-2025210,31.33,5.73,567.77,Agent Gamma Shipping,Singapore,AFTA,10.7,4.0
SHP-700211,CTR-2025211,29.27,7.94,443.73,Agent Gamma Shipping,Nigeria,,10.1,10.1
SHP-700212,CTR-2025212,41.62,6.28,522.09,Agent Beta Freight,Malaysia,Domestic,13.1,3.9
SHP-700213,CTR-2025213,61.57,9.86,243.38,Agent Beta Freight,Turkey,,11.6,11.6
SHP-700214,CTR-2025214,61.97,10.81,584.97,Agent Beta Freight,Sri Lanka,,8.2,8.2
SHP-700215,CTR-2025215,54.39,4.29,578.27,Agent Gamma Shipping,Turkey,,7.7,7.7
SHP-700216,CTR-2025216,45.78,10.81,187.47,Agent Beta Freight,Malaysia,Domestic,13.6,5.1
SHP-700217,CTR-2025217,72.1,5.8,349.19,Agent Beta Freight,Nigeria,,12.4,12.4
SHP-700218,CTR-2025218,56.54,10.0,349.41,Agent Beta Freight,Turkey,,7.6,7.6
SHP-700219,CTR-2025219,49.45,6.31,312.8,Agent Gamma Shipping,China,ACFTA,9.3,5.6
SHP-700220,CTR-2025220,59.08,9.04,570.04,Agent Beta Freight,Malaysia,Domestic,6.2,2.1
SHP-700221,CTR-2025221,72.03,8.19,428.15,Agent Gamma Shipping,Netherlands,EU MFN,10.8,2.3
SHP-700222,CTR-2025222,58.12,7.91,237.0,Agent Beta Freight,India,AIFTA,7.3,1.8
SHP-700223,CTR-2025223,86.8,6.68,166.9,Agent Gamma Shipping,India,AIFTA,8.6,1.9
SHP-700224,CTR-2025224,71.62,7.84,259.41,Agent Alpha Logistics,Saudi Arabia,,9.1,9.1
SHP-700225,CTR-2025225,73.41,4.51,357.32,Agent Gamma Shipping,Sri Lanka,,5.3,5.3
SHP-700226,CTR-2025226,43.61,5.23,442.94,Agent Gamma Shipping,USA,,10.7,10.7
SHP-700227,CTR-2025227,78.59,6.76,591.0,Agent Alpha Logistics,China,ACFTA,3.9,1.3
SHP-700228,CTR-2025228,63.76,9.39,166.89,Agent Beta Freight,China,ACFTA,3.1,1.4
SHP-700229,CTR-2025229,62.0,11.29,356.19,Agent Gamma Shipping,Pakistan,MPCEPA-like,14.6,6.9
SHP-700230,CTR-2025230,86.43,9.06,258.11,Agent Gamma Shipping,Pakistan,MPCEPA-like,3.8,1.6
SHP-700231,CTR-2025231,55.54,7.1,223.92,Agent Beta Freight,India,AIFTA,10.0,3.8
SHP-700232,CTR-2025232,57.74,10.47,570.99,Agent Beta Freight,China,ACFTA,11.0,4.1
SHP-700233,CTR-2025233,84.29,4.88,483.59,Agent Beta Freight,Bangladesh,,3.5,3.5
SHP-700234,CTR-2025234,78.79,11.71,388.52,Agent Beta Freight,China,ACFTA,13.7,6.9
SHP-700235,CTR-2025235,26.81,5.22,432.83,Agent Beta Freight,Egypt,,8.5,8.5
SHP-700236,CTR-2025236,61.22,9.68,189.66,Agent Alpha Logistics,Netherlands,EU MFN,6.4,3.1
SHP-700237,CTR-2025237,51.89,9.75,275.05,Agent Gamma Shipping,India,AIFTA,11.3,7.9
SHP-700238,CTR-2025238,57.38,5.97,457.89,Agent Alpha Logistics,China,ACFTA,8.3,5.2
SHP-700239,CTR-2025239,82.36,4.83,549.87,Agent Beta Freight,China,ACFTA,13.5,3.1
SHP-700240,CTR-2025240,46.39,5.83,573.31,Agent Gamma Shipping,Saudi Arabia,,9.1,9.1
SHP-700241,CTR-2025241,28.11,6.17,328.22,Agent Alpha Logistics,Nigeria,,13.3,13.3
SHP-700242,CTR-2025242,37.95,6.82,492.87,Agent Gamma Shipping,India,AIFTA,7.6,5.0
SHP-700243,CTR-2025243,57.83,11.9,176.21,Agent Alpha Logistics,USA,,8.6,8.6
SHP-700244,CTR-2025244,42.05,6.92,495.08,Agent Beta Freight,China,ACFTA,4.9,3.3
SHP-700245,CTR-2025245,42.44,8.32,573.58,Agent Alpha Logistics,Egypt,,11.7,11.7
SHP-700246,CTR-2025246,82.31,7.64,398.72,Agent Beta Freight,Malaysia,Domestic,12.3,5.9
SHP-700247,CTR-2025247,32.46,4.14,270.99,Agent Alpha Logistics,Saudi Arabia,,9.4,9.4
SHP-700248,CTR-2025248,26.37,9.51,392.64,Agent Alpha Logistics,Pakistan,MPCEPA-like,3.4,1.7
SHP-700249,CTR-2025249,87.97,7.36,528.49,Agent Beta Freight,China,ACFTA,3.8,1.8
SHP-700250,CTR-2025250,89.8,6.87,557.99,Agent Alpha Logistics,USA,,6.8,6.8
SHP-700251,CTR-2025251,37.43,8.54,168.49,Agent Gamma Shipping,Turkey,,7.9,7.9
SHP-700252,CTR-2025252,47.57,5.39,576.96,Agent Beta Freight,Saudi Arabia,,11.2,11.2
SHP-700253,CTR-2025253,42.42,10.3,392.15,Agent Gamma Shipping,USA,,3.7,3.7
SHP-700254,CTR-2025254,29.59,11.41,520.75,Agent Gamma Shipping,India,AIFTA,12.2,6.5
SHP-700255,CTR-2025255,67.09,11.72,566.1,Agent Gamma Shipping,Turkey,,11.6,11.6
SHP-700256,CTR-2025256,58.61,4.05,207.09,Agent Gamma Shipping,Saudi Arabia,,9.3,9.3
SHP-700257,CTR-2025257,63.51,7.34,154.52,Agent Gamma Shipping,Sri Lanka,,10.5,10.5
SHP-700258,CTR-2025258,37.66,7.42,322.62,Agent Alpha Logistics,Nigeria,,14.4,14.4
SHP-700259,CTR-2025259,52.58,9.43,334.87,Agent Alpha Logistics,Malaysia,Domestic,10.2,3.6
SHP-700260,CTR-2025260,39.15,11.69,161.63,Agent Alpha Logistics,Singapore,AFTA,4.6,1.8
SHP-700261,CTR-2025261,39.42,10.02,363.5,Agent Beta Freight,Singapore,AFTA,5.4,1.3
SHP-700262,CTR-2025262,25.65,3.76,561.81,Agent Beta Freight,Pakistan,MPCEPA-like,12.7,7.4
SHP-700263,CTR-2025263,80.54,9.15,502.28,Agent Alpha Logistics,Egypt,,3.6,3.6
SHP-700264,CTR-2025264,79.96,10.19,530.4,Agent Alpha Logistics,China,ACFTA,9.1,2.9
SHP-700265,CTR-2025265,72.27,11.83,251.55,Agent Beta Freight,Turkey,,4.9,4.9
SHP-700266,CTR-2025266,38.77,10.13,180.0,Agent Beta Freight,Sri Lanka,,5.2,5.2
SHP-700267,CTR-2025267,89.91,3.22,314.42,Agent Gamma Shipping,USA,,13.0,13.0
SHP-700268,CTR-2025268,79.71,7.99,154.09,Agent Alpha Logistics,Malaysia,Domestic,13.8,9.2
SHP-700269,CTR-2025269,29.9,5.25,549.72,Agent Alpha Logistics,Nigeria,,11.0,11.0
SHP-700270,CTR-2025270,54.9,8.46,512.24,Agent Beta Freight,Sri Lanka,,5.3,5.3
SHP-700271,CTR-2025271,87.88,5.42,401.61,Agent Beta Freight,China,ACFTA,8.9,2.2
SHP-700272,CTR-2025272,57.68,4.3,384.82,Agent Alpha Logistics,Pakistan,MPCEPA-like,8.3,3.0
SHP-700273,CTR-2025273,63.07,3.08,314.83,Agent Gamma Shipping,Malaysia,Domestic,12.1,6.7
SHP-700274,CTR-2025274,28.44,9.79,258.07,Agent Beta Freight,Saudi Arabia,,14.5,14.5
SHP-700275,CTR-2025275,46.03,4.65,310.29,Agent Gamma Shipping,China,ACFTA,9.9,2.7
SHP-700276,CTR-2025276,70.31,8.04,339.11,Agent Alpha Logistics,Bangladesh,,7.6,7.6
SHP-700277,CTR-2025277,61.54,3.05,185.05,Agent Gamma Shipping,Pakistan,MPCEPA-like,3.9,2.5
SHP-700278,CTR-2025278,70.94,11.28,406.01,Agent Alpha Logistics,China,ACFTA,6.2,2.4
SHP-700279,CTR-2025279,82.31,11.48,451.12,Agent Gamma Shipping,Malaysia,Domestic,11.9,2.9
SHP-700280,CTR-2025280,51.67,7.24,505.73,Agent Beta Freight,Pakistan,MPCEPA-like,3.6,1.1
SHP-700281,CTR-2025281,54.51,5.71,534.48,Agent Beta Freight,Bangladesh,,7.6,7.6
SHP-700282,CTR-2025282,73.68,5.45,263.4,Agent Alpha Logistics,Egypt,,4.4,4.4
SHP-700283,CTR-2025283,84.85,8.23,418.38,Agent Beta Freight,Egypt,,9.4,9.4
SHP-700284,CTR-2025284,48.79,10.26,208.08,Agent Gamma Shipping,Singapore,AFTA,9.3,2.4
SHP-700285,CTR-2025285,59.9,11.43,493.84,Agent Gamma Shipping,Netherlands,EU MFN,6.7,4.3
SHP-700286,CTR-2025286,41.11,3.33,477.82,Agent Gamma Shipping,Egypt,,4.2,4.2
SHP-700287,CTR-2025287,37.98,6.34,200.95,Agent Alpha Logistics,China,ACFTA,9.0,5.1
SHP-700288,CTR-2025288,51.41,7.37,227.26,Agent Gamma Shipping,Malaysia,Domestic,9.5,5.8
SHP-700289,CTR-2025289,77.51,9.24,335.41,Agent Gamma Shipping,China,ACFTA,9.7,5.3
SHP-700290,CTR-2025290,34.0,8.99,437.72,Agent Beta Freight,Egypt,,9.3,9.3
SHP-700291,CTR-2025291,46.97,11.16,352.41,Agent Alpha Logistics,Singapore,AFTA,10.0,2.4
SHP-700292,CTR-2025292,74.16,10.15,270.45,Agent Gamma Shipping,China,ACFTA,8.9,5.8
SHP-700293,CTR-2025293,51.69,11.09,458.57,Agent Gamma Shipping,Bangladesh,,13.8,13.8
SHP-700294,CTR-2025294,80.83,3.8,230.25,Agent Beta Freight,Netherlands,EU MFN,13.4,4.8
SHP-700295,CTR-2025295,40.56,6.76,210.74,Agent Alpha Logistics,Singapore,AFTA,6.0,2.2
SHP-700296,CTR-2025296,44.25,8.15,306.02,Agent Alpha Logistics,USA,,8.3,8.3
SHP-700297,CTR-2025297,73.52,11.04,299.4,Agent Beta Freight,Turkey,,12.1,12.1
SHP-700298,CTR-2025298,73.39,4.37,305.53,Agent Beta Freight,Bangladesh,,4.6,4.6
SHP-700299,CTR-2025299,77.5,5.22,536.44,Agent Beta Freight,India,AIFTA,3.8,1.0
SHP-700300,CTR-2025300,66.2,5.28,444.95,Agent Beta Freight,Netherlands,EU MFN,9.7,4.5
SHP-700301,CTR-2025301,40.16,10.78,157.26,Agent Alpha Logistics,China,ACFTA,6.7,3.7
SHP-700302,CTR-2025302,49.22,6.17,182.73,Agent Alpha Logistics,Sri Lanka,,9.5,9.5
SHP-700303,CTR-2025303,76.36,4.96,511.45,Agent Gamma Shipping,Saudi Arabia,,11.1,11.1
SHP-700304,CTR-2025304,61.52,9.67,309.99,Agent Gamma Shipping,USA,,10.9,10.9
SHP-700305,CTR-2025305,77.58,5.65,320.53,Agent Gamma Shipping,Netherlands,EU MFN,9.9,5.7
SHP-700306,CTR-2025306,44.68,7.13,568.46,Agent Alpha Logistics,USA,,12.8,12.8
SHP-700307,CTR-2025307,60.43,8.95,194.35,Agent Gamma Shipping,Turkey,,13.8,13.8
SHP-700308,CTR-2025308,40.09,9.38,336.8,Agent Gamma Shipping,Pakistan,MPCEPA-like,12.9,8.1
SHP-700309,CTR-2025309,30.81,6.94,281.04,Agent Beta Freight,Bangladesh,,5.8,5.8
SHP-700310,CTR-2025310,75.2,3.68,418.23,Agent Alpha Logistics,China,ACFTA,12.9,5.3
SHP-700311,CTR-2025311,30.83,6.04,513.27,Agent Beta Freight,China,ACFTA,4.1,2.8
SHP-700312,CTR-2025312,54.88,5.01,222.44,Agent Gamma Shipping,Pakistan,MPCEPA-like,14.2,5.3
SHP-700313,CTR-2025313,61.61,11.49,572.3,Agent Alpha Logistics,China,ACFTA,3.0,1.0
SHP-700314,CTR-2025314,36.12,4.02,364.7,Agent Beta Freight,Pakistan,MPCEPA-like,9.8,6.2
SHP-700315,CTR-2025315,89.65,9.11,333.55,Agent Gamma Shipping,China,ACFTA,3.9,2.7
SHP-700316,CTR-2025316,43.68,8.02,188.91,Agent Gamma Shipping,Bangladesh,,6.7,6.7
SHP-700317,CTR-2025317,25.09,7.05,599.64,Agent Alpha Logistics,India,AIFTA,13.0,6.3
SHP-700318,CTR-2025318,43.65,5.52,278.33,Agent Beta Freight,China,ACFTA,4.9,1.4
SHP-700319,CTR-2025319,76.53,11.15,546.58,Agent Gamma Shipping,China,ACFTA,14.7,4.6
SHP-700320,CTR-2025320,46.34,4.02,224.13,Agent Gamma Shipping,China,ACFTA,13.4,6.9
SHP-700321,CTR-2025321,52.94,5.59,595.18,Agent Alpha Logistics,China,ACFTA,11.8,5.0
SHP-700322,CTR-2025322,28.56,6.2,292.17,Agent Alpha Logistics,Malaysia,Domestic,8.8,4.0
SHP-700323,CTR-2025323,72.4,10.87,512.29,Agent Alpha Logistics,Egypt,,14.3,14.3
SHP-700324,CTR-2025324,80.29,7.95,286.58,Agent Gamma Shipping,USA,,12.9,12.9
SHP-700325,CTR-2025325,50.9,5.85,582.73,Agent Gamma Shipping,China,ACFTA,8.6,2.9
SHP-700326,CTR-2025326,45.33,3.88,175.69,Agent Beta Freight,Nigeria,,9.3,9.3
SHP-700327,CTR-2025327,32.19,4.97,509.86,Agent Beta Freight,China,ACFTA,8.6,3.6
SHP-700328,CTR-2025328,73.07,6.84,498.3,Agent Gamma Shipping,India,AIFTA,7.0,2.5
SHP-700329,CTR-2025329,28.38,3.12,208.9,Agent Gamma Shipping,Singapore,AFTA,12.5,5.5
SHP-700330,CTR-2025330,40.31,11.39,469.4,Agent Gamma Shipping,Turkey,,13.3,13.3
SHP-700331,CTR-2025331,56.34,7.68,246.87,Agent Alpha Logistics,China,ACFTA,14.7,10.0
SHP-700332,CTR-2025332,77.72,4.78,332.25,Agent Alpha Logistics,Netherlands,EU MFN,5.6,3.0
SHP-700333,CTR-2025333,85.55,3.8,563.33,Agent Beta Freight,Saudi Arabia,,9.1,9.1
SHP-700334,CTR-2025334,83.77,4.41,428.6,Agent Beta Freight,Nigeria,,7.4,7.4
SHP-700335,CTR-2025335,35.36,11.71,225.13,Agent Beta Freight,USA,,14.0,14.0
SHP-700336,CTR-2025336,32.88,3.77,237.13,Agent Alpha Logistics,Egypt,,13.9,13.9
SHP-700337,CTR-2025337,52.06,7.04,252.04,Agent Alpha Logistics,China,ACFTA,10.2,2.4
SHP-700338,CTR-2025338,85.55,11.18,297.15,Agent Beta Freight,India,AIFTA,12.4,2.6
SHP-700339,CTR-2025339,65.82,5.48,182.36,Agent Alpha Logistics,China,ACFTA,13.9,7.2
SHP-700340,CTR-2025340,84.09,11.62,286.51,Agent Beta Freight,China,ACFTA,3.9,1.8
SHP-700341,CTR-2025341,50.53,4.62,376.38,Agent Gamma Shipping,China,ACFTA,9.9,6.7
SHP-700342,CTR-2025342,30.39,8.58,345.61,Agent Gamma Shipping,Singapore,AFTA,7.1,4.5
SHP-700343,CTR-2025343,37.53,4.72,269.51,Agent Alpha Logistics,Saudi Arabia,,12.2,12.2
SHP-700344,CTR-2025344,74.87,4.85,359.47,Agent Gamma Shipping,Turkey,,6.9,6.9
SHP-700345,CTR-2025345,86.31,11.39,217.23,Agent Beta Freight,India,AIFTA,5.5,2.1
SHP-700346,CTR-2025346,58.15,7.15,568.5,Agent Beta Freight,Bangladesh,,13.8,13.8
SHP-700347,CTR-2025347,49.93,7.43,513.02,Agent Alpha Logistics,Egypt,,13.8,13.8
SHP-700348,CTR-2025348,25.24,5.88,239.81,Agent Beta Freight,Singapore,AFTA,8.1,2.6
SHP-700349,CTR-2025349,27.46,8.79,173.56,Agent Gamma Shipping,USA,,6.2,6.2
SHP-700350,CTR-2025350,40.01,10.22,337.23,Agent Beta Freight,Malaysia,Domestic,13.2,5.8
SHP-700351,CTR-2025351,88.56,4.81,227.74,Agent Gamma Shipping,Malaysia,Domestic,5.6,1.9
SHP-700352,CTR-2025352,49.66,11.2,570.48,Agent Alpha Logistics,India,AIFTA,10.4,4.2
SHP-700353,CTR-2025353,28.15,4.89,427.0,Agent Alpha Logistics,Saudi Arabia,,9.8,9.8
SHP-700354,CTR-2025354,27.57,6.63,437.16,Agent Beta Freight,India,AIFTA,10.8,5.9
SHP-700355,CTR-2025355,45.84,3.84,576.43,Agent Gamma Shipping,China,ACFTA,8.1,2.1
SHP-700356,CTR-2025356,55.89,5.86,374.08,Agent Alpha Logistics,Sri Lanka,,12.2,12.2
SHP-700357,CTR-2025357,45.15,10.31,452.85,Agent Beta Freight,Nigeria,,13.4,13.4
SHP-700358,CTR-2025358,28.05,8.1,211.43,Agent Beta Freight,Sri Lanka,,12.2,12.2
SHP-700359,CTR-2025359,39.86,10.94,363.2,Agent Gamma Shipping,China,ACFTA,3.2,1.8
SHP-700360,CTR-2025360,54.04,3.06,311.92,Agent Gamma Shipping,Bangladesh,,12.8,12.8
SHP-700361,CTR-2025361,60.15,9.1,580.19,Agent Alpha Logistics,Nigeria,,11.4,11.4
SHP-700362,CTR-2025362,59.54,6.6,284.17,Agent Gamma Shipping,Malaysia,Domestic,14.4,7.5
SHP-700363,CTR-2025363,33.22,10.58,361.87,Agent Gamma Shipping,Pakistan,MPCEPA-like,7.3,3.9
SHP-700364,CTR-2025364,37.93,8.42,395.98,Agent Gamma Shipping,China,ACFTA,3.7,1.5
SHP-700365,CTR-2025365,53.34,9.74,497.06,Agent Gamma Shipping,Bangladesh,,12.9,12.9
SHP-700366,CTR-2025366,27.52,4.75,570.67,Agent Alpha Logistics,Bangladesh,,9.4,9.4
SHP-700367,CTR-2025367,79.27,10.58,343.25,Agent Alpha Logistics,Saudi Arabia,,6.6,6.6
SHP-700368,CTR-2025368,55.6,4.42,576.11,Agent Alpha Logistics,Sri Lanka,,3.4,3.4
SHP-700369,CTR-2025369,40.65,5.16,567.83,Agent Beta Freight,Saudi Arabia,,4.0,4.0
SHP-700370,CTR-2025370,62.68,9.0,429.68,Agent Beta Freight,Pakistan,MPCEPA-like,13.9,5.2
SHP-700371,CTR-2025371,27.52,4.68,495.05,Agent Beta Freight,Nigeria,,13.0,13.0
SHP-700372,CTR-2025372,47.79,6.39,258.56,Agent Gamma Shipping,China,ACFTA,9.4,1.9
SHP-700373,CTR-2025373,38.54,5.25,275.85,Agent Gamma Shipping,Sri Lanka,,12.7,12.7
SHP-700374,CTR-2025374,37.45,7.54,185.34,Agent Alpha Logistics,Netherlands,EU MFN,13.4,4.3
SHP-700375,CTR-2025375,48.17,9.73,581.82,Agent Alpha Logistics,Malaysia,Domestic,9.6,5.8
SHP-700376,CTR-2025376,76.52,8.43,168.03,Agent Gamma Shipping,USA,,8.9,8.9
SHP-700377,CTR-2025377,88.98,6.45,450.02,Agent Beta Freight,Turkey,,4.8,4.8
SHP-700378,CTR-2025378,43.48,8.27,350.58,Agent Beta Freight,Egypt,,10.0,10.0
SHP-700379,CTR-2025379,79.35,5.38,448.63,Agent Beta Freight,Singapore,AFTA,8.4,3.9
SHP-700380,CTR-2025380,75.96,6.55,217.77,Agent Beta Freight,USA,,10.8,10.8
SHP-700381,CTR-2025381,85.62,6.45,159.15,Agent Alpha Logistics,USA,,11.8,11.8
SHP-700382,CTR-2025382,38.34,7.38,387.26,Agent Beta Freight,Sri Lanka,,13.5,13.5
SHP-700383,CTR-2025383,85.44,7.35,511.2,Agent Beta Freight,India,AIFTA,8.9,2.3
SHP-700384,CTR-2025384,41.05,11.1,384.1,Agent Gamma Shipping,China,ACFTA,13.9,9.3
SHP-700385,CTR-2025385,69.01,10.01,420.43,Agent Gamma Shipping,USA,,4.6,4.6
SHP-700386,CTR-2025386,27.23,7.48,232.32,Agent Alpha Logistics,Turkey,,4.9,4.9
SHP-700387,CTR-2025387,48.73,6.89,376.66,Agent Beta Freight,India,AIFTA,10.5,2.5
SHP-700388,CTR-2025388,36.87,8.17,400.52,Agent Alpha Logistics,Sri Lanka,,10.6,10.6
SHP-700389,CTR-2025389,72.99,6.02,344.75,Agent Beta Freight,USA,,12.2,12.2
SHP-700390,CTR-2025390,56.47,8.83,428.36,Agent Gamma Shipping,China,ACFTA,3.2,1.7
SHP-700391,CTR-2025391,45.14,3.77,565.45,Agent Beta Freight,Sri Lanka,,4.1,4.1
SHP-700392,CTR-2025392,69.8,4.14,416.62,Agent Gamma Shipping,Egypt,,7.3,7.3
SHP-700393,CTR-2025393,79.31,3.39,154.12,Agent Alpha Logistics,Pakistan,MPCEPA-like,5.8,3.7
SHP-700394,CTR-2025394,38.09,11.63,180.15,Agent Beta Freight,India,AIFTA,10.4,3.4
SHP-700395,CTR-2025395,26.83,5.2,474.15,Agent Alpha Logistics,China,ACFTA,13.6,5.5
SHP-700396,CTR-2025396,84.69,6.67,382.7,Agent Alpha Logistics,USA,,5.3,5.3
SHP-700397,CTR-2025397,84.03,10.24,407.35,Agent Alpha Logistics,India,AIFTA,3.8,2.1
SHP-700398,CTR-2025398,83.99,4.1,545.76,Agent Gamma Shipping,Nigeria,,9.4,9.4
SHP-700399,CTR-2025399,51.65,7.34,275.16,Agent Beta Freight,Sri Lanka,,3.8,3.8
SHP-700400,CTR-2025400,46.09,11.51,452.09,Agent Alpha Logistics,Malaysia,Domestic,6.4,2.8
SHP-700401,CTR-2025401,35.54,7.38,431.82,Agent Gamma Shipping,Netherlands,EU MFN,11.9,7.5
SHP-700402,CTR-2025402,68.49,4.14,209.66,Agent Alpha Logistics,Egypt,,14.3,14.3
SHP-700403,CTR-2025403,75.35,5.38,473.98,Agent Alpha Logistics,Turkey,,14.2,14.2
SHP-700404,CTR-2025404,74.0,4.97,428.02,Agent Gamma Shipping,Egypt,,8.3,8.3
SHP-700405,CTR-2025405,75.05,3.94,550.6,Agent Alpha Logistics,Saudi Arabia,,14.5,14.5
SHP-700406,CTR-2025406,42.57,10.4,357.81,Agent Alpha Logistics,Turkey,,9.2,9.2
SHP-700407,CTR-2025407,45.44,8.23,334.92,Agent Gamma Shipping,Nigeria,,11.8,11.8
SHP-700408,CTR-2025408,65.9,9.29,173.38,Agent Alpha Logistics,Turkey,,11.5,11.5
SHP-700409,CTR-2025409,80.88,7.12,258.79,Agent Beta Freight,Egypt,,6.1,6.1
SHP-700410,CTR-2025410,56.4,10.98,193.57,Agent Alpha Logistics,India,AIFTA,7.5,4.3
SHP-700411,CTR-2025411,55.94,11.93,244.74,Agent Beta Freight,Turkey,,12.2,12.2
SHP-700412,CTR-2025412,57.59,5.1,501.04,Agent Gamma Shipping,Turkey,,7.9,7.9
SHP-700413,CTR-2025413,75.13,5.05,416.66,Agent Alpha Logistics,USA,,14.1,14.1
SHP-700414,CTR-2025414,49.7,7.52,401.95,Agent Beta Freight,Sri Lanka,,10.3,10.3
SHP-700415,CTR-2025415,56.62,7.54,515.73,Agent Beta Freight,Bangladesh,,5.1,5.1
SHP-700416,CTR-2025416,60.21,4.18,576.29,Agent Beta Freight,Malaysia,Domestic,12.2,8.1
SHP-700417,CTR-2025417,48.99,4.22,570.29,Agent Alpha Logistics,India,AIFTA,9.2,2.4
SHP-700418,CTR-2025418,36.93,5.27,322.42,Agent Beta Freight,Saudi Arabia,,7.9,7.9
SHP-700419,CTR-2025419,76.65,7.11,379.1,Agent Alpha Logistics,China,ACFTA,5.0,1.7
